Hex,Loc,Major,X,Y,Code,Translation,has_depot_or_seaport,depot_type
Acrithia,Astero's Spear,0,33.507043200000005,-52.64246399999999,AAAS,Acrithia - Astero's Spear,FALSE,
Acrithia,Camp Omicron,1,55.589846399999985,-63.250656,AACO,Acrithia - Camp Omicron,FALSE,
Acrithia,Duelling Kegs,0,-45.78016319999999,35.650439999999996,AADK,Acrithia - Duelling Kegs,FALSE,
Acrithia,Fated Heel,0,22.812192000000007,-27.205416,AAFH,Acrithia - Fated Heel,FALSE,
Acrithia,Final March,0,79.7252544,-34.858487999999994,AAFM,Acrithia - Final March,FALSE,
Acrithia,Heir Apparent,1,-10.818230400000006,-68.180616,AAHA,Acrithia - Heir Apparent,FALSE,
Acrithia,Legion Ranch,1,65.6496576,-6.061607999999996,AALR,Acrithia - Legion Ranch,TRUE,Storage Depot
Acrithia,Nereid Keep,1,55.5952896,22.670087999999996,AANK,Acrithia - Nereid Keep,FALSE,
Acrithia,Patridia,1,-27.790905599999995,18.423888000000005,AAPA,Acrithia - Patridia,TRUE,Seaport
Acrithia,Riverlands,0,-0.3201119999999964,55.570367999999995,AARS,Acrithia - Riverlands,FALSE,
Acrithia,Swordfort,1,-59.406048,-34.71182400000001,AAST,Acrithia - Swordfort,FALSE,
Acrithia,The Brinehold,1,-0.7516800000000036,-2.2722000000000016,AABD,Acrithia - The Brinehold,TRUE,Aircraft Depot
Acrithia,Thetus Ring,1,-18.333734400000004,-29.644775999999997,AATR,Acrithia - Thetus Ring,TRUE,Storage Depot
Acrithia,Weary Slumber,0,-48.13395839999999,-59.001768,AAWS,Acrithia - Weary Slumber,FALSE,
Allods Bight,A Captain's Repose,0,24.17636160000001,56.379456,ABAC,Allods Bight - A Captain's Repose,FALSE,
Allods Bight,Allod's Children,0,-100.59292799999999,-14.418263999999997,ABAS,Allods Bight - Allod's Children,FALSE,
Allods Bight,Belaying Trace,1,-65.73208319999999,10.334351999999992,ABBT,Allods Bight - Belaying Trace,FALSE,
Allods Bight,Blunder Bight,0,49.66868159999999,-62.573111999999995,ABBB,Allods Bight - Blunder Bight,FALSE,
Allods Bight,Breath of Cetus,0,50.820825600000006,23.710008000000002,ABBC,Allods Bight - Breath of Cetus,FALSE,
Allods Bight,Gangrenous Hollow,0,-49.86023039999999,39.72931200000001,ABGH,Allods Bight - Gangrenous Hollow,FALSE,
Allods Bight,Harpy's Perch,0,0.6093791999999979,-16.830744000000003,ABHS,Allods Bight - Harpy's Perch,FALSE,
Allods Bight,Homesick,1,-38.061446399999994,-19.713623999999996,ABHK,Allods Bight - Homesick,FALSE,
Allods Bight,Mercy's Wail,1,3.2101919999999944,11.820983999999992,ABMS,Allods Bight - Mercy's Wail,TRUE,Seaport
Allods Bight,Rumhold,1,-63.063100799999994,-43.068648,ABRD,Allods Bight - Rumhold,FALSE,
Allods Bight,Scurvyshire,1,-33.0083424,-48.725376000000004,ABSE,Allods Bight - Scurvyshire,TRUE,Storage Depot
Allods Bight,The List,0,-70.8455808,51.676128,ABLT,Allods Bight - The List,FALSE,
Allods Bight,The Rumroad,0,-80.81467199999999,-36.247848,ABRD,Allods Bight - The Rumroad,FALSE,
Allods Bight,The Stone Plank,1,63.6494112,-9.058392,ABSP,Allods Bight - The Stone Plank,TRUE,Aircraft Depot
Allods Bight,The Turncoat,1,-28.82563199999999,38.771208,ABTT,Allods Bight - The Turncoat,FALSE,
Allods Bight,Titan's End,0,9.696931199999993,-65.68296,ABTS,Allods Bight - Titan's End,FALSE,
Allods Bight,Witch's Last Flight,0,30.632255999999987,-38.700984,ABWS,Allods Bight - Witch's Last Flight,FALSE,
Ash Fields,Ashtown,1,3.710966400000006,8.822519999999997,AFAN,Ash Fields - Ashtown,TRUE,Seaport
Ash Fields,Camp Omega,1,54.353462400000005,-62.64384,AFCO,Ash Fields - Camp Omega,FALSE,
Ash Fields,Cometa,1,-57.440016,-46.2882,AFCA,Ash Fields - Cometa,FALSE,
Ash Fields,Electi,1,-10.031040000000003,-61.565616,AFEI,Ash Fields - Electi,TRUE,Storage Depot
Ash Fields,Gunslinger's Pass,0,-24.674025600000007,70.316568,AFGS,Ash Fields - Gunslinger's Pass,FALSE,
Ash Fields,Mount Blackmoth,0,25.205904000000004,-46.464600000000004,AFMB,Ash Fields - Mount Blackmoth,FALSE,
Ash Fields,Mount Brimstone,0,-21.098361600000004,51.568943999999995,AFMB,Ash Fields - Mount Brimstone,FALSE,
Ash Fields,Omega Valley,0,66.58536959999999,-32.315976,AFOV,Ash Fields - Omega Valley,FALSE,
Ash Fields,Sootflow,1,56.15205120000001,37.160088,AFSW,Ash Fields - Sootflow,FALSE,
Ash Fields,Tar Creek,0,-62.4363552,16.289616,AFTC,Ash Fields - Tar Creek,FALSE,
Ash Fields,The Ashfort,1,66.289104,-13.170528000000004,AFAT,Ash Fields - The Ashfort,TRUE,Aircraft Depot
Ash Fields,The Calamity,1,-60.467731199999996,-8.800511999999998,AFCY,Ash Fields - The Calamity,FALSE,
Ash Fields,The Red River,0,4.773167999999989,-25.674768000000004,AFRR,Ash Fields - The Red River,FALSE,
Ash Fields,The Stillness,0,-31.714156800000005,-13.880328,AFSS,Ash Fields - The Stillness,FALSE,
Ash Fields,Twin Flames,0,75.9665952,16.385712,AFTF,Ash Fields - Twin Flames,FALSE,
Ash Fields,Wasteful Calm,0,-11.431756799999993,27.263208000000002,AFWC,Ash Fields - Wasteful Calm,FALSE,
Basin Sionnach,Basin Sionnach,0,-33.227366399999994,-22.169280000000004,BSBS,Basin Sionnach - Basin Sionnach,FALSE,
Basin Sionnach,Basinhome,1,-37.9772064,48.01524,BSBE,Basin Sionnach - Basinhome,FALSE,
Basin Sionnach,Cunning Cross,0,50.189155199999995,-46.7124,BSCC,Basin Sionnach - Cunning Cross,FALSE,
Basin Sionnach,Cuttail Station,1,30.210019199999987,-30.162552,BSCS,Basin Sionnach - Cuttail Station,TRUE,Seaport
Basin Sionnach,Lamplight,1,53.283744000000006,13.334999999999996,BSLT,Basin Sionnach - Lamplight,TRUE,Aircraft Depot
Basin Sionnach,Radiant Shore,0,-67.7489184,27.123936000000008,BSRS,Basin Sionnach - Radiant Shore,FALSE,
Basin Sionnach,Sess,1,-71.56149119999999,-14.818608000000001,BSSS,Basin Sionnach - Sess,TRUE,Storage Depot
Basin Sionnach,Stoic,1,92.17903679999999,-11.761008000000002,BSSC,Basin Sionnach - Stoic,FALSE,
Basin Sionnach,The Den,1,-24.001920000000002,1.9849200000000033,BSDN,Basin Sionnach - The Den,TRUE,Storage Depot
Basin Sionnach,The Foxfields,0,-26.00424,-52.44052800000001,BSFS,Basin Sionnach - The Foxfields,FALSE,
Basin Sionnach,Torchwood,0,60.2606304,39.174576,BSTD,Basin Sionnach - Torchwood,FALSE,
Callahans Passage,Callahan's Eye,0,-49.599734399999996,-39.943176,CPCS,Callahans Passage - Callahan's Eye,FALSE,
Callahans Passage,Chapel Access,0,95.12847359999999,3.895415999999993,CPCA,Callahans Passage - Chapel Access,FALSE,
Callahans Passage,Cragsfield,0,17.894131199999997,-50.57052,CPCD,Callahans Passage - Cragsfield,FALSE,
Callahans Passage,Cragsroad,0,-13.979952000000003,-24.678192000000003,CPCD,Callahans Passage - Cragsroad,FALSE,
Callahans Passage,Cragstown,1,4.326307200000003,-60.51880799999999,CPCN,Callahans Passage - Cragstown,FALSE,
Callahans Passage,Crumbling Post,1,-37.879747200000004,37.780176000000004,CPCP,Callahans Passage - Crumbling Post,FALSE,
Callahans Passage,Lingering Lashes,0,-26.955244799999992,-56.583743999999996,CPLL,Callahans Passage - Lingering Lashes,FALSE,
Callahans Passage,Lochan,0,12.806812800000008,1.3277039999999989,CPLN,Callahans Passage - Lochan,TRUE,Seaport
Callahans Passage,Lochan Berth,1,16.251839999999994,-12.810504000000002,CPLB,Callahans Passage - Lochan Berth,TRUE,Seaport
Callahans Passage,Lost Tops,0,-66.07215360000001,62.341104,CPLT,Callahans Passage - Lost Tops,FALSE,
Callahans Passage,Overlook Hill,1,6.539615999999993,24.889368000000005,CPOH,Callahans Passage - Overlook Hill,FALSE,
Callahans Passage,Scáth Passing,1,-39.113279999999996,5.349623999999992,CPSP,Callahans Passage - Scáth Passing,FALSE,
Callahans Passage,Sioc Approach,0,31.577558400000004,28.91616000000001,CPSA,Callahans Passage - Sioc Approach,FALSE,
Callahans Passage,Solas Gateway,0,-69.3569952,-12.903071999999998,CPSG,Callahans Passage - Solas Gateway,FALSE,
Callahans Passage,Solas Gorge,1,-79.2973152,-28.437359999999995,CPSG,Callahans Passage - Solas Gorge,TRUE,Storage Depot
Callahans Passage,Soured Fields,0,-106.01124479999999,5.4023759999999985,CPSF,Callahans Passage - Soured Fields,FALSE,
Callahans Passage,The Crumbling Passage,1,-11.548137600000002,47.833800000000004,CPCP,Callahans Passage - The Crumbling Passage,FALSE,
Callahans Passage,The Key,0,57.17174400000001,73.306128,CPKY,Callahans Passage - The Key,FALSE,
Callahans Passage,The Lance,0,-29.844547199999997,-71.447376,CPLE,Callahans Passage - The Lance,FALSE,
Callahans Passage,The Latch,1,58.87391040000001,30.766343999999997,CPLH,Callahans Passage - The Latch,FALSE,
Callahans Passage,The Procession,1,65.16002879999999,-10.198104,CPPN,Callahans Passage - The Procession,TRUE,Aircraft Depot
Callahans Passage,The Rust Road,0,-77.1394752,33.424271999999995,CPRR,Callahans Passage - The Rust Road,FALSE,
Callahans Passage,The Stern,0,72.760032,47.882856,CPSN,Callahans Passage - The Stern,FALSE,
Callahans Passage,Twisted Mumble,0,45.46497600000001,-55.08367200000001,CPTM,Callahans Passage - Twisted Mumble,FALSE,
Callahans Passage,Whispering Gulch,0,-0.9971423999999972,91.54823999999999,CPWG,Callahans Passage - Whispering Gulch,FALSE,
Callahans Passage,White Chapel,1,68.2909056,-39.146184000000005,CPWC,Callahans Passage - White Chapel,FALSE,
Callahans Passage,Winding Crag,0,5.293900799999999,-42.756167999999995,CPWC,Callahans Passage - Winding Crag,FALSE,
Callums Cape,Callum's Keep,1,-26.276140800000004,-44.48892000000001,CCCS,Callums Cape - Callum's Keep,TRUE,Seaport
Callums Cape,Camp Hollow,1,65.1364416,-36.458352,CCCH,Callums Cape - Camp Hollow,TRUE,Aircraft Depot
Callums Cape,Holdout,1,54.39000959999999,11.820479999999996,CCHT,Callums Cape - Holdout,TRUE,Storage Depot
Callums Cape,Hollowhill,0,30.437337599999992,-56.81004,CCHL,Callums Cape - Hollowhill,FALSE,
Callums Cape,Ire,1,-5.3268191999999965,58.720368,CCIE,Callums Cape - Ire,FALSE,
Callums Cape,Lookout,1,65.24504639999999,46.930127999999996,CCLT,Callums Cape - Lookout,FALSE,
Callums Cape,Naofa,1,-91.58365439999999,0.626471999999997,CCNA,Callums Cape - Naofa,FALSE,
Callums Cape,Princefal Burn,0,-78.25662719999998,7.870967999999996,CCPB,Callums Cape - Princefal Burn,FALSE,
Callums Cape,Scouts Jest,1,-68.0755104,40.95,CCSJ,Callums Cape - Scouts Jest,FALSE,
Callums Cape,The Dreg,0,7.835097600000008,-43.336439999999996,CCDG,Callums Cape - The Dreg,FALSE,
Callums Cape,The Gunwall,0,-15.844636799999996,-20.718767999999997,CCGL,Callums Cape - The Gunwall,FALSE,
Callums Cape,The River Vein,0,13.982284799999997,-0.13574399999999587,CCRV,Callums Cape - The River Vein,FALSE,
Callums Cape,Trail of the Dead,0,-20.146319999999996,20.755391999999997,CCTD,Callums Cape - Trail of the Dead,FALSE,
Callums Cape,Valta Downs,0,38.78098560000001,55.61438400000001,CCVD,Callums Cape - Valta Downs,FALSE,
Callums Cape,Vex,0,-31.225046399999997,62.68903199999999,CCVX,Callums Cape - Vex,FALSE,
Clahstra,Bewailing Fort,1,-81.3245184,-4.1430479999999985,CABF,Clahstra - Bewailing Fort,FALSE,
Clahstra,East Narthex,1,47.87605439999999,37.5102,CAEN,Clahstra - East Narthex,FALSE,
Clahstra,Penitent Inlet,0,-45.348076799999994,-6.827520000000002,CAPI,Clahstra - Penitent Inlet,FALSE,
Clahstra,Saint's Crossing,0,48.96806399999999,-33.209736,CASS,Clahstra - Saint's Crossing,FALSE,
Clahstra,Second Prayer,0,83.6702784,-15.414168000000004,CASP,Clahstra - Second Prayer,FALSE,
Clahstra,Sleeping Choir,0,66.307248,31.483535999999994,CASC,Clahstra - Sleeping Choir,FALSE,
Clahstra,Sly Passage,0,6.325776000000002,57.874656,CASP,Clahstra - Sly Passage,FALSE,
Clahstra,The Four Pillars,0,23.190364800000005,-62.58756,CAFP,Clahstra - The Four Pillars,FALSE,
Clahstra,The Garth,0,8.948620799999999,15.88356,CAGH,Clahstra - The Garth,FALSE,
Clahstra,The Laity,0,-68.8468896,27.19920000000001,CALY,Clahstra - The Laity,FALSE,
Clahstra,The Treasury,1,-23.072169600000002,-0.43041600000000146,CATY,Clahstra - The Treasury,TRUE,Seaport
Clahstra,The Vault,1,-32.748105599999995,-41.56135200000001,CAVT,Clahstra - The Vault,FALSE,
Clahstra,Third Chapter,1,16.455312000000003,-49.239791999999994,CATC,Clahstra - Third Chapter,TRUE,Storage Depot
Clahstra,Transept,1,-50.65130879999999,40.8072,CATT,Clahstra - Transept,FALSE,
Clahstra,Watchful Nave,1,-31.012761599999994,61.44431999999999,CAWN,Clahstra - Watchful Nave,TRUE,Storage Depot
Clahstra,Weephome,1,60.79976639999999,-17.13768,CAWE,Clahstra - Weephome,TRUE,Aircraft Depot
Clahstra,Woodlouse Ledge,0,-39.58009919999999,-59.27191200000001,CAWL,Clahstra - Woodlouse Ledge,FALSE,
Clanshead Valley,Bramble Field,0,-28.0412928,6.529992000000007,CVBF,Clanshead Valley - Bramble Field,FALSE,
Clanshead Valley,Fallen Crown,1,-54.764035199999995,-10.795007999999996,CVFC,Clanshead Valley - Fallen Crown,FALSE,
Clanshead Valley,Fort Ealar,1,-33.7379904,36.181656,CVFE,Clanshead Valley - Fort Ealar,TRUE,Aircraft Depot
Clanshead Valley,Fort Esterwild,1,55.889740800000006,14.428344000000006,CVFE,Clanshead Valley - Fort Esterwild,FALSE,
Clanshead Valley,Fort Windham,1,-24.2940384,-60.440856000000004,CVFW,Clanshead Valley - Fort Windham,FALSE,
Clanshead Valley,Lost Orphans,0,-61.6942656,19.296144,CVLO,Clanshead Valley - Lost Orphans,FALSE,
Clanshead Valley,Sweetholt,1,72.4611744,-25.875528000000003,CVST,Clanshead Valley - Sweetholt,FALSE,
Clanshead Valley,Tallowild,0,-49.675420800000005,-44.53461599999999,CVTD,Clanshead Valley - Tallowild,FALSE,
Clanshead Valley,The Bastard's Channel,0,9.172310399999986,3.4083839999999954,CVBS,Clanshead Valley - The Bastard's Channel,FALSE,
Clanshead Valley,The King,1,15.263251199999997,-19.469688000000005,CVKG,Clanshead Valley - The King,TRUE,Seaport
Clanshead Valley,The Pike,1,23.10353280000001,58.201919999999994,CVPE,Clanshead Valley - The Pike,TRUE,Storage Depot
Clanshead Valley,The Weathered Advance,0,-35.908272000000004,60.04975199999999,CVWA,Clanshead Valley - The Weathered Advance,FALSE,
Clanshead Valley,Throne of Druiminn,0,33.207926400000005,-57.027096,CVTD,Clanshead Valley - Throne of Druiminn,FALSE,
Dead Lands,Abandoned Ward,1,-24.211871999999996,-0.44570400000000276,DLAW,Dead Lands - Abandoned Ward,TRUE,Storage Depot
Dead Lands,Biting Tarn,0,83.42922240000001,34.503336000000004,DLBT,Dead Lands - Biting Tarn,FALSE,
Dead Lands,Border Concourse,0,81.8387712,-18.452112,DLBC,Dead Lands - Border Concourse,FALSE,
Dead Lands,Border Thicket,0,19.5364224,-29.488871999999997,DLBT,Dead Lands - Border Thicket,FALSE,
Dead Lands,Brine Glen,1,58.48018559999999,37.300032,DLBG,Dead Lands - Brine Glen,TRUE,Storage Depot
Dead Lands,Callahan's Belt,0,41.085273599999994,-31.819031999999996,DLCS,Dead Lands - Callahan's Belt,FALSE,
Dead Lands,Callahan's Boot,1,12.329884799999991,-1.5494639999999968,DLCS,Dead Lands - Callahan's Boot,FALSE,
Dead Lands,Callahan's Gate,1,32.35671359999999,-65.464056,DLCS,Dead Lands - Callahan's Gate,TRUE,Storage Depot
Dead Lands,Carpal Trail,0,-54.063417599999994,-13.574735999999998,DLCT,Dead Lands - Carpal Trail,FALSE,
Dead Lands,Cemetary Junction,0,-45.5331456,13.338024000000008,DLCJ,Dead Lands - Cemetary Junction,FALSE,
Dead Lands,Cemetary Lane,0,-30.462220800000004,26.638584,DLCL,Dead Lands - Cemetary Lane,FALSE,
Dead Lands,Coracoid Footpath,0,-101.81531519999999,-16.763039999999997,DLCF,Dead Lands - Coracoid Footpath,FALSE,
Dead Lands,Crumbling Passage,0,-21.4729056,-68.066208,DLCP,Dead Lands - Crumbling Passage,FALSE,
Dead Lands,Hope's Causeway,0,7.336137599999991,13.348944000000005,DLHS,Dead Lands - Hope's Causeway,FALSE,
Dead Lands,Iron's End,1,-10.054886399999997,-39.971568000000005,DLIS,Dead Lands - Iron's End,FALSE,
Dead Lands,Jaspar Range,0,-54.9307008,27.42045599999999,DLJR,Dead Lands - Jaspar Range,FALSE,
Dead Lands,Liberation Point,1,-66.6242496,8.697528000000002,DLLP,Dead Lands - Liberation Point,FALSE,
Dead Lands,Mandible Crossroads,0,-77.4222624,-27.608112,DLMC,Dead Lands - Mandible Crossroads,FALSE,
Dead Lands,Marrow Copse,0,-38.365747199999994,-31.402728,DLMC,Dead Lands - Marrow Copse,FALSE,
Dead Lands,Mercy Meadow,0,-96.64790400000001,7.045751999999991,DLMM,Dead Lands - Mercy Meadow,FALSE,
Dead Lands,Mercy's End,0,31.859827200000005,55.55004,DLMS,Dead Lands - Mercy's End,FALSE,
Dead Lands,Overgrown Pasture,0,-88.252416,24.095735999999995,DLOP,Dead Lands - Overgrown Pasture,FALSE,
Dead Lands,Path to the Sun,0,-58.85187839999999,66.055752,DLPT,Dead Lands - Path to the Sun,FALSE,
Dead Lands,Pommel Annex,0,-2.961360000000005,-17.918207999999996,DLPA,Dead Lands - Pommel Annex,FALSE,
Dead Lands,Sun's Hollow,1,-58.7471616,37.218384,DLSS,Dead Lands - Sun's Hollow,FALSE,
Dead Lands,Sunhaven Gateway,0,-29.23128,10.169711999999997,DLSG,Dead Lands - Sunhaven Gateway,FALSE,
Dead Lands,Tarsal Pathway,0,-76.43859839999999,-14.133839999999998,DLTP,Dead Lands - Tarsal Pathway,FALSE,
Dead Lands,The Abbey Drag,0,65.82798720000001,-62.32715999999999,DLAD,Dead Lands - The Abbey Drag,FALSE,
Dead Lands,The Blade,0,19.2803328,-19.849368000000002,DLBE,Dead Lands - The Blade,FALSE,
Dead Lands,The Boneyard,0,24.465628799999983,-38.364816000000005,DLBD,Dead Lands - The Boneyard,FALSE,
Dead Lands,The Crossing,0,-21.346156799999996,-8.968511999999997,DLCG,Dead Lands - The Crossing,FALSE,
Dead Lands,The Great March,0,-37.24030080000001,64.08359999999999,DLGM,Dead Lands - The Great March,FALSE,
Dead Lands,The Iron Passage,0,-4.873737600000004,-31.005408,DLIP,Dead Lands - The Iron Passage,FALSE,
Dead Lands,The Iron Road,0,7.2099071999999875,-61.753271999999996,DLIR,Dead Lands - The Iron Road,FALSE,
Dead Lands,The Pits,1,-9.041155199999999,21.803040000000003,DLPS,Dead Lands - The Pits,TRUE,Aircraft Depot
Dead Lands,The Plaza,0,-18.247420799999997,-16.62528,DLPA,Dead Lands - The Plaza,FALSE,
Dead Lands,The Salt Farms,1,-11.153116799999996,56.718984000000006,DLSF,Dead Lands - The Salt Farms,TRUE,Storage Depot
Dead Lands,The Salt March,1,83.6941248,-3.036767999999997,DLSM,Dead Lands - The Salt March,FALSE,
Dead Lands,The Salt Trail,0,-24.8894208,41.17965600000001,DLST,Dead Lands - The Salt Trail,FALSE,
Dead Lands,The Shorn Fields,0,-11.525846399999994,69.53889600000001,DLSF,Dead Lands - The Shorn Fields,FALSE,
Dead Lands,The Spine,1,-50.03233919999999,-44.38089599999999,DLSE,Dead Lands - The Spine,TRUE,Storage Depot
Dead Lands,The Steppes,0,43.509830399999984,4.567583999999998,DLSS,Dead Lands - The Steppes,FALSE,
Drowned Vale,Bootnap,1,79.94272319999999,9.791039999999999,DVBP,Drowned Vale - Bootnap,FALSE,
Drowned Vale,Coaldrifter Stead,1,42.07282559999999,54.238296,DVCS,Drowned Vale - Coaldrifter Stead,FALSE,
Drowned Vale,Eastmarch,1,-69.0643584,4.67208,DVEH,Drowned Vale - Eastmarch,FALSE,
Drowned Vale,Esterfal,0,74.33933760000001,32.85391200000001,DVEL,Drowned Vale - Esterfal,FALSE,
Drowned Vale,Fleetsfall River,0,-3.637094399999997,-69.96847199999999,DVFR,Drowned Vale - Fleetsfall River,FALSE,
Drowned Vale,Linger,0,-4.039632000000004,-26.079816,DVLR,Drowned Vale - Linger,FALSE,
Drowned Vale,Loggerhead,1,-22.022150399999994,-49.064735999999996,DVLD,Drowned Vale - Loggerhead,TRUE,Storage Depot
Drowned Vale,Singing Serpents,1,42.30325439999999,-31.458000000000006,DVSS,Drowned Vale - Singing Serpents,FALSE,
Drowned Vale,Sop Fields,0,5.154710399999996,29.097935999999994,DVSF,Drowned Vale - Sop Fields,FALSE,
Drowned Vale,Splinter Pens,1,-7.270041600000004,50.54532000000001,DVSP,Drowned Vale - Splinter Pens,FALSE,
Drowned Vale,Sprite's Game,0,-44.9877888,-11.266583999999998,DVSS,Drowned Vale - Sprite's Game,FALSE,
Drowned Vale,The Baths,1,17.719430400000007,4.3799279999999925,DVBS,Drowned Vale - The Baths,TRUE,Seaport
Drowned Vale,The Other Vein,0,-98.261424,16.818815999999998,DVOV,Drowned Vale - The Other Vein,FALSE,
Drowned Vale,The Saltcaps,1,34.4756736,-55.559447999999996,DVSS,Drowned Vale - The Saltcaps,FALSE,
Drowned Vale,The Turtlerocks,0,20.587737600000015,-23.780231999999998,DVTS,Drowned Vale - The Turtlerocks,FALSE,
Drowned Vale,The Wash,1,-30.713126399999997,2.047248000000005,DVWH,Drowned Vale - The Wash,FALSE,
Drowned Vale,The Willow Wood,0,-49.9250304,56.69563200000001,DVWW,Drowned Vale - The Willow Wood,FALSE,
Drowned Vale,Vessel,1,-35.3774304,36.12369600000001,DVVL,Drowned Vale - Vessel,FALSE,
Drowned Vale,Wisp's Warning,1,-43.8524928,-34.643111999999995,DVWS,Drowned Vale - Wisp's Warning,TRUE,Aircraft Depot
Endless Shore,Balor's Crown,0,44.59069439999999,-36.086904000000004,ESBS,Endless Shore - Balor's Crown,FALSE,
Endless Shore,Battered Landing,0,-50.4099936,8.418983999999995,ESBL,Endless Shore - Battered Landing,FALSE,
Endless Shore,Brackish Point,1,-51.0624,-57.9978,ESBP,Endless Shore - Brackish Point,TRUE,Storage Depot
Endless Shore,Dannan Coast,0,9.829900799999988,-67.05283200000001,ESDC,Endless Shore - Dannan Coast,FALSE,
Endless Shore,Dearg's Fang,0,24.554015999999994,-22.437911999999997,ESDS,Endless Shore - Dearg's Fang,FALSE,
Endless Shore,Enduring Wake,1,-76.2519744,18.856655999999994,ESEW,Endless Shore - Enduring Wake,FALSE,
Endless Shore,Iron Junction,1,-36.4106016,49.671887999999996,ESIJ,Endless Shore - Iron Junction,TRUE,Storage Depot
Endless Shore,Kelpie's Mane,0,71.54879039999999,22.71595199999999,ESKS,Endless Shore - Kelpie's Mane,FALSE,
Endless Shore,Kelpie's Tail,0,56.874959999999994,29.37799200000001,ESKS,Endless Shore - Kelpie's Tail,FALSE,
Endless Shore,Liegehearth,0,-51.110352,-8.183615999999997,ESLH,Endless Shore - Liegehearth,FALSE,
Endless Shore,Merrow's Rest,0,74.99304000000001,45.54127199999999,ESMS,Endless Shore - Merrow's Rest,FALSE,
Endless Shore,Saltbrook Channel,1,-50.8661856,-19.886832,ESSC,Endless Shore - Saltbrook Channel,TRUE,Seaport
Endless Shore,Sídhe Fall,1,-4.046630400000003,-34.099968,ESSF,Endless Shore - Sídhe Fall,FALSE,
Endless Shore,The Dark Road,0,87.33458879999999,-0.8354640000000009,ESDR,Endless Shore - The Dark Road,FALSE,
Endless Shore,The Evil Eye,0,53.63210880000001,-8.10012,ESEE,Endless Shore - The Evil Eye,FALSE,
Endless Shore,The North Star,0,-51.1860384,-40.043976,ESNS,Endless Shore - The North Star,FALSE,
Endless Shore,The Old Jack Tar,1,-82.99920959999999,-14.765184000000003,ESOJ,Endless Shore - The Old Jack Tar,FALSE,
Endless Shore,The Overland,1,19.450627200000007,49.83888,ESOD,Endless Shore - The Overland,TRUE,Aircraft Depot
Endless Shore,The Selkie Bluffs,0,20.535119999999996,6.818783999999993,ESSB,Endless Shore - The Selkie Bluffs,FALSE,
Endless Shore,The Styx,0,-9.1437984,23.37972,ESSX,Endless Shore - The Styx,FALSE,
Endless Shore,The Whispering Waves,0,41.69128320000001,13.459487999999993,ESWW,Endless Shore - The Whispering Waves,FALSE,
Endless Shore,Tuatha Watchpost,1,91.73658239999999,8.524320000000001,ESTW,Endless Shore - Tuatha Watchpost,TRUE,Storage Depot
Endless Shore,Wellchurch,1,3.792096000000008,-6.811896,ESWH,Endless Shore - Wellchurch,FALSE,
Endless Shore,Woodbind,1,51.66167040000001,39.256392000000005,ESWD,Endless Shore - Woodbind,FALSE,
Farranac Coast,Apollo's Landing,0,-17.757014399999996,13.400519999999997,FCAS,Farranac Coast - Apollo's Landing,FALSE,
Farranac Coast,Cackling Strand,0,-33.556550400000006,-51.772727999999994,FCCS,Farranac Coast - Cackling Strand,FALSE,
Farranac Coast,Carrion Fields,0,30.22868160000001,-7.080528000000003,FCCF,Farranac Coast - Carrion Fields,FALSE,
Farranac Coast,Cora Lushlands,0,11.885875200000001,61.67464799999999,FCCL,Farranac Coast - Cora Lushlands,FALSE,
Farranac Coast,Cormac Beach,0,-7.066310400000002,47.62463999999999,FCCB,Farranac Coast - Cormac Beach,FALSE,
Farranac Coast,Gulf of the Daughters,0,-125.23040639999999,13.994232000000002,FCGD,Farranac Coast - Gulf of the Daughters,FALSE,
Farranac Coast,Hermes Inlet,0,-59.42185919999999,-11.374440000000003,FCHI,Farranac Coast - Hermes Inlet,FALSE,
Farranac Coast,Huskhollow,1,22.315046399999986,10.547207999999996,FCHW,Farranac Coast - Huskhollow,FALSE,
Farranac Coast,Iuxta Gulf,0,72.1594656,-59.470992,FCIG,Farranac Coast - Iuxta Gulf,FALSE,
Farranac Coast,Kardia,0,32.68667520000001,61.35023999999999,FCKA,Farranac Coast - Kardia,FALSE,
Farranac Coast,Liberation Street,0,85.9198752,58.098432,FCLS,Farranac Coast - Liberation Street,FALSE,
Farranac Coast,Macha's Keening,1,52.37161919999999,47.454792,FCMS,Farranac Coast - Macha's Keening,FALSE,
Farranac Coast,Mara,1,92.008224,-2.641799999999998,FCMA,Farranac Coast - Mara,TRUE,Storage Depot
Farranac Coast,McCarthy Fields,0,26.30880000000001,47.223456,FCMF,Farranac Coast - McCarthy Fields,FALSE,
Farranac Coast,Mooring Dens,0,23.944896000000004,-36.09396,FCMD,Farranac Coast - Mooring Dens,FALSE,
Farranac Coast,Pleading Wharf,1,32.73073920000001,36.534792,FCPW,Farranac Coast - Pleading Wharf,FALSE,
Farranac Coast,Scarp of Ambrose,1,-5.951491200000002,-20.270712000000003,FCSA,Farranac Coast - Scarp of Ambrose,FALSE,
Farranac Coast,Scythe,1,74.79345599999999,-25.451664000000005,FCSE,Farranac Coast - Scythe,FALSE,
Farranac Coast,Sickle Hill,0,-8.829388799999995,-9.367007999999995,FCSH,Farranac Coast - Sickle Hill,FALSE,
Farranac Coast,Skeleton Road,0,24.372835199999994,-24.523968,FCSR,Farranac Coast - Skeleton Road,FALSE,
Farranac Coast,Sunder Beach,0,-37.289808,-13.462847999999997,FCSB,Farranac Coast - Sunder Beach,FALSE,
Farranac Coast,Terra,1,29.00681280000001,-15.933960000000003,FCTA,Farranac Coast - Terra,TRUE,Aircraft Depot
Farranac Coast,The Bay of Artemis,0,-38.3740416,31.488912,FCBA,Farranac Coast - The Bay of Artemis,FALSE,
Farranac Coast,The Bone Haft,1,0.5370623999999903,-45.991344,FCBH,Farranac Coast - The Bone Haft,TRUE,Storage Depot
Farranac Coast,The Heart Road,0,43.0870752,70.04323199999999,FCHR,Farranac Coast - The Heart Road,FALSE,
Farranac Coast,The Jade Cove,1,-17.5579488,25.036368,FCJC,Farranac Coast - The Jade Cove,TRUE,Seaport
Farranac Coast,The Mirror,0,84.16794239999999,-14.933352,FCMR,Farranac Coast - The Mirror,FALSE,
Farranac Coast,The Reaping Fields,0,39.12546240000001,3.346560000000008,FCRF,Farranac Coast - The Reaping Fields,FALSE,
Farranac Coast,The River Mercy,0,19.632067199999984,25.5612,FCRM,Farranac Coast - The River Mercy,FALSE,
Farranac Coast,The Snag,0,101.9988288,48.225072000000004,FCSG,Farranac Coast - The Snag,FALSE,
Farranac Coast,Transient Valley,1,40.464748799999995,-59.550288,FCTV,Farranac Coast - Transient Valley,FALSE,
Farranac Coast,Victa,1,-15.096585599999997,62.911632,FCVA,Farranac Coast - Victa,TRUE,Storage Depot
Fishermans Row,Arcadia,1,-28.717027199999993,38.800272,FRAA,Fishermans Row - Arcadia,TRUE,Storage Depot
Fishermans Row,Bident Crossroads,0,-16.976822400000007,19.457760000000007,FRBC,Fishermans Row - Bident Crossroads,FALSE,
Fishermans Row,Black Well,1,-28.901836799999998,-32.488512,FRBW,Fishermans Row - Black Well,TRUE,Storage Depot
Fishermans Row,Dankana Post,1,-55.8664128,17.30181600000001,FRDP,Fishermans Row - Dankana Post,TRUE,Aircraft Depot
Fishermans Row,Eidolo,1,-9.493200000000005,3.867360000000007,FREO,Fishermans Row - Eidolo,TRUE,Seaport
Fishermans Row,Fort Ember,1,27.082512000000012,-29.416968,FRFE,Fishermans Row - Fort Ember,FALSE,
Fishermans Row,Hangman's Court,1,58.24198079999999,-9.603720000000003,FRHS,Fishermans Row - Hangman's Court,FALSE,
Fishermans Row,Heart of Rites,0,-37.5026112,-5.2553759999999965,FRHR,Fishermans Row - Heart of Rites,FALSE,
Fishermans Row,House Roloi,0,-62.1810432,46.010999999999996,FRHR,Fishermans Row - House Roloi,FALSE,
Fishermans Row,Lake Nerites,0,-44.842377600000006,7.205688000000002,FRLN,Fishermans Row - Lake Nerites,FALSE,
Fishermans Row,Liberty Hill,0,-34.3748448,-23.883216,FRLH,Fishermans Row - Liberty Hill,FALSE,
Fishermans Row,Oceanwatch,1,-7.250083200000006,-62.27172,FROH,Fishermans Row - Oceanwatch,FALSE,
Fishermans Row,Peripti Landing,1,-53.347507199999995,-7.723463999999998,FRPL,Fishermans Row - Peripti Landing,FALSE,
Fishermans Row,Progonos Watch,0,1.2978143999999958,-9.931488,FRPW,Fishermans Row - Progonos Watch,FALSE,
Fishermans Row,The Rite Road,0,-12.853728000000006,-19.307064,FRRR,Fishermans Row - The Rite Road,FALSE,
Fishermans Row,The Satyr Stone,1,50.943945600000006,50.552712,FRSS,Fishermans Row - The Satyr Stone,FALSE,
Fishermans Row,Torch of Demeter,0,-19.477584000000004,30.555168000000005,FRTD,Fishermans Row - Torch of Demeter,FALSE,
Godcrofts,Argosa,1,62.970307199999986,-9.432527999999996,GSAA,Godcrofts - Argosa,FALSE,
Godcrofts,Barreller's Way,0,42.345244799999996,-5.190863999999997,GSBS,Godcrofts - Barreller's Way,FALSE,
Godcrofts,Den of Thieves,0,-54.79487999999999,-36.121512,GSDT,Godcrofts - Den of Thieves,FALSE,
Godcrofts,Exile,1,-19.2373056,39.983999999999995,GSEE,Godcrofts - Exile,FALSE,
Godcrofts,Fleecewatch,1,-27.17712,-60.510576,GSFH,Godcrofts - Fleecewatch,FALSE,
Godcrofts,Isawa,1,12.609561600000006,-50.901647999999994,GSIA,Godcrofts - Isawa,TRUE,Seaport
Godcrofts,Lipsia,1,59.26167359999999,43.611792,GSLA,Godcrofts - Lipsia,FALSE,
Godcrofts,Peripti Depths,0,-4.517337599999999,51.234959999999994,GSPD,Godcrofts - Peripti Depths,FALSE,
Godcrofts,Perpetua Channel,0,-6.9395615999999976,-21.505511999999996,GSPC,Godcrofts - Perpetua Channel,FALSE,
Godcrofts,Pig Island,0,-0.48211199999999294,2.058168000000002,GSPI,Godcrofts - Pig Island,FALSE,
Godcrofts,Primus Trames,0,23.78134079999999,60.119304,GSPT,Godcrofts - Primus Trames,FALSE,
Godcrofts,Protos,1,-53.187580800000006,-10.131743999999996,GSPS,Godcrofts - Protos,TRUE,Aircraft Depot
Godcrofts,Saegio,1,15.982272000000012,-3.205272000000002,GSSO,Godcrofts - Saegio,FALSE,
Godcrofts,The Axehead,1,-61.27280639999999,18.410784000000003,GSAD,Godcrofts - The Axehead,TRUE,Seaport
Godcrofts,Ursa Base,1,41.80481279999999,-43.215648,GSUB,Godcrofts - Ursa Base,FALSE,
Godcrofts,Vicit Bay,0,-27.081475199999996,8.654688,GSVB,Godcrofts - Vicit Bay,FALSE,
Great March,Camp Senti,1,-32.51482560000001,-23.15292,GMCS,Great March - Camp Senti,FALSE,
Great March,Dalton Meadow,0,-103.8593664,23.526720000000008,GMDM,Great March - Dalton Meadow,FALSE,
Great March,Dendró Field,1,70.305408,-6.463632000000001,GMDF,Great March - Dendró Field,FALSE,
Great March,Eristown,0,72.87252479999998,62.628887999999996,GMEN,Great March - Eristown,FALSE,
Great March,Fateless Grove,0,-12.039321599999997,-68.754336,GMFG,Great March - Fateless Grove,FALSE,
Great March,Fengari,0,28.487635199999986,41.869632,GMFI,Great March - Fengari,FALSE,
Great March,Halting Valley,0,74.7846432,-25.824119999999997,GMHV,Great March - Halting Valley,FALSE,
Great March,Jack Field,0,-21.622204800000006,74.414592,GMJF,Great March - Jack Field,FALSE,
Great March,Jackboot Creek,0,-64.9319328,24.100943999999995,GMJC,Great March - Jackboot Creek,FALSE,
Great March,Legacy Pasture,0,71.5031712,46.71508800000001,GMLP,Great March - Legacy Pasture,FALSE,
Great March,Leto,1,-65.840688,0.6862800000000009,GMLO,Great March - Leto,FALSE,
Great March,Lionsfort,1,50.721292799999986,-63.476952,GMLT,Great March - Lionsfort,FALSE,
Great March,Milowood,0,71.00887680000001,33.093984000000006,GMMD,Great March - Milowood,FALSE,
Great March,Mors Range,0,51.51859200000001,37.45274400000001,GMMR,Great March - Mors Range,FALSE,
Great March,Myrmidon's Stay,1,27.444614400000006,-45.40452,GMMS,Great March - Myrmidon's Stay,TRUE,Storage Depot
Great March,Remnant Acreage,0,6.062169599999991,2.6322240000000026,GMRA,Great March - Remnant Acreage,FALSE,
Great March,Remnant Villa,1,13.246934400000002,-10.168872,GMRV,Great March - Remnant Villa,FALSE,
Great March,Schala Estate,0,-42.643584,22.827671999999996,GMSE,Great March - Schala Estate,FALSE,
Great March,Scrabbling Motte,0,-78.83308799999999,-54.078024,GMSM,Great March - Scrabbling Motte,FALSE,
Great March,Serpent Charm,0,-56.77387199999999,56.477903999999995,GMSC,Great March - Serpent Charm,FALSE,
Great March,Sitaria,1,9.733996799999993,19.806359999999994,GMSA,Great March - Sitaria,TRUE,Storage Depot
Great March,The Black Wing,0,-3.3193151999999957,39.538464,GMBW,Great March - The Black Wing,FALSE,
Great March,The Great March,0,38.896848,39.02068799999999,GMGM,Great March - The Great March,FALSE,
Great March,The Midmarch,0,-53.911785599999995,-79.693488,GMMH,Great March - The Midmarch,FALSE,
Great March,The River Senti,0,-50.394700799999995,-20.420568000000003,GMRS,Great March - The River Senti,FALSE,
Great March,The Spice Road,0,-32.396889599999994,-10.450440000000002,GMSR,Great March - The Spice Road,FALSE,
Great March,The Swan,1,-23.3808768,62.741783999999996,GMSN,Great March - The Swan,FALSE,
Great March,The White Wing,0,13.920854399999985,56.851032000000004,GMWW,Great March - The White Wing,FALSE,
Great March,Violet Fields,0,-94.79021759999999,-28.797719999999998,GMVF,Great March - Violet Fields,FALSE,
Great March,Violethome,1,-48.469622400000006,-51.691248,GMVE,Great March - Violethome,TRUE,Storage Depot
Great March,Zealous Approach,0,-17.065987199999995,18.452112,GMZA,Great March - Zealous Approach,FALSE,
Gutter,Kuoppa,1,-40.84058879999999,-7.058184000000004,GRKA,Gutter - Kuoppa,TRUE,Seaport
Gutter,Lost Kaivo,1,4.565289599999997,19.468511999999997,GRLK,Gutter - Lost Kaivo,FALSE,
Gutter,Rikki Sarana,1,-64.58927039999999,-38.040912000000006,GRRS,Gutter - Rikki Sarana,FALSE,
Gutter,Rotko Camp,1,-34.30512,-51.48578400000001,GRRC,Gutter - Rotko Camp,FALSE,
Gutter,Salaoja Road,1,-81.5873472,6.365351999999992,GRSR,Gutter - Salaoja Road,FALSE,
Gutter,Sumun Koti Spillway,0,-10.940313600000005,-18.82188,GRSK,Gutter - Sumun Koti Spillway,FALSE,
Gutter,Suojus,1,24.309590399999987,-51.218328,GRSS,Gutter - Suojus,FALSE,
Gutter,The Parras,1,45.697996800000006,-11.435255999999999,GRPS,Gutter - The Parras,FALSE,
Heartlands,18th Sideroad,0,16.478380800000004,-70.694568,HS1S,Heartlands - 18th Sideroad,FALSE,
Heartlands,Barronshire,0,-50.7920544,4.922903999999995,HSBE,Heartlands - Barronshire,FALSE,
Heartlands,Barronswall,1,-27.547257599999995,-15.216936000000004,HSBL,Heartlands - Barronswall,TRUE,Aircraft Depot
Heartlands,Barrony Ranch,1,-32.8281984,-65.547216,HSBR,Heartlands - Barrony Ranch,FALSE,
Heartlands,Barrony Road,0,-2.532124800000007,-50.086344,HSBR,Heartlands - Barrony Road,FALSE,
Heartlands,Cageroad,0,-107.8523424,13.724592000000008,HSCD,Heartlands - Cageroad,FALSE,
Heartlands,Crater Basin,0,-57.5750592,-49.677096,HSCB,Heartlands - Crater Basin,FALSE,
Heartlands,Deeplaw Post,1,-66.57396479999998,-11.024496000000003,HSDP,Heartlands - Deeplaw Post,FALSE,
Heartlands,Erimos Ranch,0,3.3874847999999993,58.12010399999999,HSER,Heartlands - Erimos Ranch,FALSE,
Heartlands,Fort Providence,1,66.894336,-20.283648000000003,HSFP,Heartlands - Fort Providence,FALSE,
Heartlands,Greenfield Orchard,1,60.065193599999986,-49.63728,HSGO,Heartlands - Greenfield Orchard,TRUE,Storage Depot
Heartlands,Harvester's Range,0,-6.778080000000001,7.566888,HSHS,Heartlands - Harvester's Range,FALSE,
Heartlands,Janus Field,0,-23.043657600000003,62.76866400000001,HSJF,Heartlands - Janus Field,FALSE,
Heartlands,Kos Meadows,0,-68.98659839999999,62.969927999999996,HSKM,Heartlands - Kos Meadows,FALSE,
Heartlands,Loftmire,0,13.375756799999994,-9.744504000000004,HSLE,Heartlands - Loftmire,FALSE,
Heartlands,Lower Barrony Field,0,-9.669455999999993,-30.980711999999997,HSLB,Heartlands - Lower Barrony Field,FALSE,
Heartlands,Oleander Fields,0,45.77057279999999,23.478504,HSOF,Heartlands - Oleander Fields,FALSE,
Heartlands,Oleander Homestead,1,84.9699072,-1.564920000000003,HSOH,Heartlands - Oleander Homestead,FALSE,
Heartlands,Pandora Compound,0,-15.463094400000003,35.291928,HSPC,Heartlands - Pandora Compound,FALSE,
Heartlands,Proexí,1,39.55988159999998,56.287727999999994,HSPI,Heartlands - Proexí,FALSE,
Heartlands,Providence Field,0,28.98192960000001,-25.517015999999998,HSPF,Heartlands - Providence Field,FALSE,
Heartlands,The Blemish,1,38.66227199999999,-5.575416000000004,HSBH,Heartlands - The Blemish,TRUE,Storage Depot
Heartlands,The Breach,1,-35.1879552,-38.497536000000004,HSBH,Heartlands - The Breach,FALSE,
Heartlands,The Fuming Pen,0,-79.03241279999999,31.438512000000003,HSFP,Heartlands - The Fuming Pen,FALSE,
Heartlands,The Orchard Wall,0,51.460790399999986,-42.04284,HSOW,Heartlands - The Orchard Wall,FALSE,
Heartlands,The Plough,1,12.299039999999998,-42.048216000000004,HSPH,Heartlands - The Plough,FALSE,
Heartlands,The Rollcage,0,-89.0022816,-26.352647999999995,HSRE,Heartlands - The Rollcage,FALSE,
Heartlands,The Salt Crossing,0,73.95805440000001,-72.09770400000001,HSSC,Heartlands - The Salt Crossing,FALSE,
Heartlands,Upper Barrony Field,0,-7.403011200000001,-68.42236799999999,HSUB,Heartlands - Upper Barrony Field,FALSE,
Heartlands,Upper Heartlands,0,-45.3296736,-64.899912,HSUH,Heartlands - Upper Heartlands,FALSE,
Howl County,Austriaca Reservoir,0,0.786412799999995,8.036616000000002,HCAR,Howl County - Austriaca Reservoir,FALSE,
Howl County,Checkpoint Titim,0,1.5554592000000087,-14.640864,HCCT,Howl County - Checkpoint Titim,FALSE,
Howl County,Fort Red,1,94.5330912,-14.838768000000002,HCFR,Howl County - Fort Red,FALSE,
Howl County,Fort Rider,1,-38.5176384,59.934335999999995,HCFR,Howl County - Fort Rider,FALSE,
Howl County,Great Warden Dam,1,40.28019840000001,-24.156552,HCGW,Howl County - Great Warden Dam,TRUE,Seaport
Howl County,Hungry Wolf,1,-83.8626048,-6.713279999999999,HCHW,Howl County - Hungry Wolf,TRUE,Storage Depot
Howl County,Little Lamb,1,22.734691199999993,52.98820799999999,HCLL,Howl County - Little Lamb,TRUE,Storage Depot
Howl County,Sickleshire,1,51.74098559999999,26.527535999999998,HCSE,Howl County - Sickleshire,FALSE,
Howl County,Slipgate Outpost,1,-24.906787199999993,-19.210967999999998,HCSO,Howl County - Slipgate Outpost,TRUE,Aircraft Depot
Howl County,Snakewall,0,-29.582236799999993,-61.977047999999996,HCSL,Howl County - Snakewall,FALSE,
Howl County,Teller Farm,1,-25.808803200000003,24.557567999999996,HCTF,Howl County - Teller Farm,FALSE,
Howl County,The Hunting Grounds,0,-73.1672352,29.537087999999997,HCHG,Howl County - The Hunting Grounds,FALSE,
Howl County,Viperwalk,0,69.19810559999999,51.337607999999996,HCVK,Howl County - Viperwalk,FALSE,
Kalokai,Baccae Ridge,1,-12.825734400000005,37.785216,KIBR,Kalokai - Baccae Ridge,TRUE,Seaport
Kalokai,Bleary,0,-75.01144319999999,13.0536,KIBY,Kalokai - Bleary,FALSE,
Kalokai,Camp Tau,1,48.485174400000005,15.816023999999995,KICT,Kalokai - Camp Tau,TRUE,Aircraft Depot
Kalokai,Clarity Meadow,0,51.23632320000001,46.579176,KICM,Kalokai - Clarity Meadow,FALSE,
Kalokai,Hallow,1,-4.400956800000006,-7.932623999999997,KIHW,Kalokai - Hallow,TRUE,Storage Depot
Kalokai,Ichorus Amphitheatre,0,-46.6305984,-32.832912,KIIA,Kalokai - Ichorus Amphitheatre,FALSE,
Kalokai,Lost Greensward,1,14.804726399999993,67.307016,KILG,Kalokai - Lost Greensward,FALSE,
Kalokai,Night's Regret,1,-73.7882784,-4.390680000000003,KINS,Kalokai - Night's Regret,FALSE,
Kalokai,Sourtooth,1,37.40800320000001,-67.438392,KISH,Kalokai - Sourtooth,FALSE,
Kalokai,South March,0,-25.69631039999999,4.006295999999992,KISM,Kalokai - South March,FALSE,
Kalokai,Sweethearth,1,40.06402560000001,-47.900832,KISH,Kalokai - Sweethearth,TRUE,Storage Depot
Kalokai,The Stumble,0,-32.784652799999996,-60.5136,KISE,Kalokai - The Stumble,FALSE,
Kalokai,The Vineroad,0,83.9274048,-15.725472000000003,KIVD,Kalokai - The Vineroad,FALSE,
Kalokai,Vinum Rillet,0,-47.1140064,53.189808000000006,KIVR,Kalokai - Vinum Rillet,FALSE,
Kings Cage,Blackguard's Wood,0,48.43126080000001,-55.410768000000004,KCBS,Kings Cage - Blackguard's Wood,FALSE,
Kings Cage,Bloodcroft,0,-1.6765055999999932,47.79499200000001,KCBT,Kings Cage - Bloodcroft,FALSE,
Kings Cage,Celes Thicket,0,-26.492313600000003,71.84352,KCCT,Kings Cage - Celes Thicket,FALSE,
Kings Cage,Concubine,0,-24.2289792,-62.40192,KCCE,Kings Cage - Concubine,FALSE,
Kings Cage,Den of Knaves,1,55.1899008,-30.101399999999995,KCDK,Kings Cage - Den of Knaves,FALSE,
Kings Cage,Eastknife,1,50.22285119999999,3.683568,KCEE,Kings Cage - Eastknife,TRUE,Aircraft Depot
Kings Cage,Gibbet Fields,1,45.495043200000005,31.958136000000007,KCGF,Kings Cage - Gibbet Fields,TRUE,Storage Depot
Kings Cage,Jester's Foil,0,-66.1144032,-26.504688,KCJS,Kings Cage - Jester's Foil,FALSE,
Kings Cage,Leafless Whim,0,-84.4515072,26.293847999999993,KCLW,Kings Cage - Leafless Whim,FALSE,
Kings Cage,Ocelot Bridge,0,19.170432000000005,-11.613335999999999,KCOB,Kings Cage - Ocelot Bridge,FALSE,
Kings Cage,Scarlethold,1,-29.716761600000005,47.79499200000001,KCSD,Kings Cage - Scarlethold,FALSE,
Kings Cage,Slipchain,1,-76.2480864,-9.934679999999998,KCSN,Kings Cage - Slipchain,FALSE,
Kings Cage,Southblade,1,22.371811200000007,54.61478400000001,KCSE,Kings Cage - Southblade,FALSE,
Kings Cage,The Bailie,1,-10.0424448,-51.951984,KCBE,Kings Cage - The Bailie,TRUE,Storage Depot
Kings Cage,The Manacle,1,-31.073155200000002,-6.024144,KCME,Kings Cage - The Manacle,TRUE,Seaport
Kings Cage,The River Blaise,0,12.8275488,16.54749599999999,KCRB,Kings Cage - The River Blaise,FALSE,
Kings Cage,Wolfsbait,0,-89.4833568,6.108479999999991,KCWT,Kings Cage - Wolfsbait,FALSE,
Kuura Strand,Faden Point,1,-35.01066240000001,-50.39916,KSFP,Kuura Strand - Faden Point,TRUE,Seaport
Kuura Strand,Lumia,1,-20.967724800000006,13.960799999999992,KSLA,Kuura Strand - Lumia,TRUE,Aircraft Depot
Kuura Strand,Martti,1,-34.6166784,53.680704000000006,KSMI,Kuura Strand - Martti,TRUE,Storage Depot
Kuura Strand,Menneen,1,-61.109251199999996,2.6560799999999984,KSMN,Kuura Strand - Menneen,FALSE,
Kuura Strand,Suosalo,1,-6.027696000000007,-21.853439999999996,KSSO,Kuura Strand - Suosalo,TRUE,Seaport
Kuura Strand,Talven,1,62.969270399999985,-19.389216,KSTN,Kuura Strand - Talven,FALSE,
Linn Mercy,Blackroad,0,-9.0287136,-56.32216799999999,LMBD,Linn Mercy - Blackroad,FALSE,
Linn Mercy,Fort Duncan,1,61.362230399999994,44.698416,LMFD,Linn Mercy - Fort Duncan,FALSE,
Linn Mercy,Gallant Gough Boulevard,0,-104.1447456,-11.723040000000001,LMGG,Linn Mercy - Gallant Gough Boulevard,FALSE,
Linn Mercy,Hardline,1,-36.310032,14.917392000000007,LMHE,Linn Mercy - Hardline,TRUE,Aircraft Depot
Linn Mercy,Lathair,1,58.55224319999999,-31.599455999999996,LMLR,Linn Mercy - Lathair,FALSE,
Linn Mercy,Merciful Strait,0,88.6277376,29.450735999999992,LMMS,Linn Mercy - Merciful Strait,FALSE,
Linn Mercy,Mudhole,0,18.147628800000003,-33.198816,LMME,Linn Mercy - Mudhole,FALSE,
Linn Mercy,Nathair,0,24.328252800000005,-14.537544000000004,LMNR,Linn Mercy - Nathair,FALSE,
Linn Mercy,Outwich Ranch,1,87.35376959999999,-2.2154160000000007,LMOR,Linn Mercy - Outwich Ranch,FALSE,
Linn Mercy,Rotdust,1,22.209292799999993,-58.499448,LMRT,Linn Mercy - Rotdust,FALSE,
Linn Mercy,Solas Burn,0,59.863276799999994,-46.130616,LMSB,Linn Mercy - Solas Burn,FALSE,
Linn Mercy,The Crimson Gardens,1,-70.0913088,21.573048000000007,LMCG,Linn Mercy - The Crimson Gardens,FALSE,
Linn Mercy,The Drone,0,-79.42510080000001,-46.600007999999995,LMDE,Linn Mercy - The Drone,FALSE,
Linn Mercy,The First Coin,1,-23.740387199999994,36.69976799999999,LMFC,Linn Mercy - The First Coin,FALSE,
Linn Mercy,The Great Scale,0,-23.0345856,-35.137536,LMGS,Linn Mercy - The Great Scale,FALSE,
Linn Mercy,The Last Grove,1,-30.407270400000005,64.610952,LMLG,Linn Mercy - The Last Grove,FALSE,
Linn Mercy,The Long Whine,1,-36.84916799999999,-48.72604799999999,LMLW,Linn Mercy - The Long Whine,FALSE,
Linn Mercy,The Prairie Bazaar,1,29.632521599999986,40.387367999999995,LMPB,Linn Mercy - The Prairie Bazaar,TRUE,Storage Depot
Linn Mercy,The River Mercy,0,36.70168320000001,19.737312000000006,LMRM,Linn Mercy - The River Mercy,FALSE,
Linn Mercy,Ulster Falls,1,-9.302687999999995,-8.361864000000002,LMUF,Linn Mercy - Ulster Falls,TRUE,Seaport
Loch Mor,Bastard's Blade,0,-74.9598624,51.876383999999995,LMBS,Loch Mor - Bastard's Blade,FALSE,
Loch Mor,Chattering Prairie,0,37.798876799999995,-32.507495999999996,LMCP,Loch Mor - Chattering Prairie,FALSE,
Loch Mor,Escape,0,57.00767040000001,68.098128,LMEE,Loch Mor - Escape,FALSE,
Loch Mor,Fallen Fields,0,2.8662336000000033,5.3387039999999955,LMFF,Loch Mor - Fallen Fields,FALSE,
Loch Mor,Feirmor,1,0.6498144000000096,-11.046671999999997,LMFR,Loch Mor - Feirmor,TRUE,Seaport
Loch Mor,Lake Severspring,0,-94.7132352,30.017904,LMLS,Loch Mor - Lake Severspring,FALSE,
Loch Mor,Loch Mor,0,-9.4605408,-38.535,LMLM,Loch Mor - Loch Mor,FALSE,
Loch Mor,Market Road,1,-76.67706240000001,2.542008000000001,LMMR,Loch Mor - Market Road,FALSE,
Loch Mor,Mercy's Wish,1,-11.793081599999995,-62.09952,LMMS,Loch Mor - Mercy's Wish,TRUE,Storage Depot
Loch Mor,Missing Bones,0,91.86955199999998,-32.394936,LMMB,Loch Mor - Missing Bones,FALSE,
Loch Mor,Moon's Copse,1,70.1791776,1.344168000000006,LMMS,Loch Mor - Moon's Copse,FALSE,
Loch Mor,Ousterdown,0,-76.37639039999999,27.194496,LMON,Loch Mor - Ousterdown,FALSE,
Loch Mor,Pockfields,0,9.1427616,27.017927999999998,LMPS,Loch Mor - Pockfields,FALSE,
Loch Mor,Rip,0,-3.377635200000004,47.277384000000005,LMRP,Loch Mor - Rip,FALSE,
Loch Mor,Tear,0,45.774460799999986,46.634448,LMTR,Loch Mor - Tear,FALSE,
Loch Mor,The Founding Fields,0,4.564771200000011,72.31056000000001,LMFF,Loch Mor - The Founding Fields,FALSE,
Loch Mor,The Glean,0,-93.15984959999999,-0.5670000000000028,LMGN,Loch Mor - The Glean,FALSE,
Loch Mor,The Reaping Road,0,-51.792307199999996,-78.343104,LMRR,Loch Mor - The Reaping Road,FALSE,
Loch Mor,The Roilfort,1,21.79949760000001,43.545264,LMRT,Loch Mor - The Roilfort,FALSE,
Loch Mor,Tomb of the First,1,-60.5610432,-49.230384,LMTF,Loch Mor - Tomb of the First,FALSE,
Loch Mor,Westmarch,1,33.54333120000001,-57.664823999999996,LMWH,Loch Mor - Westmarch,FALSE,
Loch Mor,Widow's Wail,0,-42.718752,44.08319999999999,LMWS,Loch Mor - Widow's Wail,FALSE,
Lykos Isle,Aetherwood,1,36.404639999999986,53.384688,LIAD,Lykos Isle - Aetherwood,TRUE,Seaport
Lykos Isle,Astutia,1,58.3622496,-46.350528000000004,LIAA,Lykos Isle - Astutia,FALSE,
Lykos Isle,Cyrus,1,-50.376038400000006,-6.250775999999998,LICS,Lykos Isle - Cyrus,TRUE,Seaport
Lykos Isle,Erebus Islet,1,11.379139199999992,15.809639999999998,LIEI,Lykos Isle - Erebus Islet,TRUE,Aircraft Depot
Lykos Isle,Fort Guile,1,24.3611712,-56.642376000000006,LIFG,Lykos Isle - Fort Guile,FALSE,
Lykos Isle,Mount Lynel,0,-17.814556799999995,-16.67652,LIML,Lykos Isle - Mount Lynel,FALSE,
Lykos Isle,Mārudia,1,-59.78214719999999,53.203920000000004,LIMA,Lykos Isle - Mārudia,FALSE,
Lykos Isle,The Squall,1,-24.05557439999999,-67.191768,LISL,Lykos Isle - The Squall,FALSE,
Marban Hollow,Bleating Plateau,0,-59.524502399999996,15.257423999999993,MHBP,Marban Hollow - Bleating Plateau,FALSE,
Marban Hollow,Bubble Basin,0,-30.182284799999998,-12.612264,MHBB,Marban Hollow - Bubble Basin,FALSE,
Marban Hollow,Checkpoint Bua,1,35.60604479999999,-13.777008000000004,MHCB,Marban Hollow - Checkpoint Bua,FALSE,
Marban Hollow,Deepfleet Valley,0,25.1766144,26.673192000000007,MHDV,Marban Hollow - Deepfleet Valley,FALSE,
Marban Hollow,Gaping Maw,0,16.271539200000014,-63.783384,MHGM,Marban Hollow - Gaping Maw,FALSE,
Marban Hollow,Lockheed,1,36.484992,66.99336,MHLD,Marban Hollow - Lockheed,TRUE,Storage Depot
Marban Hollow,Lockheed Breakers,0,13.68083519999999,57.80023200000001,MHLB,Marban Hollow - Lockheed Breakers,TRUE,Storage Depot
Marban Hollow,Lughbone Dam,0,27.403660800000008,-13.459488000000004,MHLD,Marban Hollow - Lughbone Dam,FALSE,
Marban Hollow,Maiden's Veil,1,4.554921599999987,3.5963759999999922,MHMS,Marban Hollow - Maiden's Veil,TRUE,Seaport
Marban Hollow,Mount Mac Tire,0,-50.917248,70.065912,MHMM,Marban Hollow - Mount Mac Tire,FALSE,
Marban Hollow,Mox,1,54.52712639999999,-64.27092,MHMX,Marban Hollow - Mox,FALSE,
Marban Hollow,Oster Wall,1,77.6055168,-4.826472000000001,MHOW,Marban Hollow - Oster Wall,FALSE,
Marban Hollow,Pilgrimage,0,-26.78261759999999,-66.886848,MHPE,Marban Hollow - Pilgrimage,FALSE,
Marban Hollow,Sanctum,1,-71.1405504,-38.271744,MHSM,Marban Hollow - Sanctum,FALSE,
Marban Hollow,Slender Cove,0,57.4687872,-35.318136,MHSC,Marban Hollow - Slender Cove,FALSE,
Marban Hollow,The Claim,0,61.349011199999985,28.029960000000003,MHCM,Marban Hollow - The Claim,FALSE,
Marban Hollow,The Clutch,0,3.6972288000000137,-37.798656,MHCH,Marban Hollow - The Clutch,FALSE,
Marban Hollow,The Curse,0,32.429807999999994,2.2085279999999985,MHCE,Marban Hollow - The Curse,FALSE,
Marban Hollow,The Spitrocks,1,-37.5549696,38.192448,MHSS,Marban Hollow - The Spitrocks,FALSE,
Mooring County,Borderlane,1,37.08089280000001,-72.34819200000001,MCBE,Mooring County - Borderlane,FALSE,
Mooring County,Gravekeeper's Holdfast,1,-19.608479999999997,31.037664000000003,MCGS,Mooring County - Gravekeeper's Holdfast,FALSE,
Mooring County,Headstone,1,-6.348326400000003,1.7910480000000053,MCHE,Mooring County - Headstone,FALSE,
Mooring County,Luch's Workshop,1,57.49522559999998,-49.998312,MCLS,Mooring County - Luch's Workshop,FALSE,
Mooring County,Lyon's Wood,0,99.7269408,-17.981376000000004,MCLS,Mooring County - Lyon's Wood,FALSE,
Mooring County,MacConmara Barrows,1,21.498048000000004,51.323328,MCMB,Mooring County - MacConmara Barrows,FALSE,
Mooring County,Moon's Walk,0,-20.535119999999996,-26.546352,MCMS,Mooring County - Moon's Walk,FALSE,
Mooring County,Morrighan's Grave,1,59.26322880000001,17.975664000000005,MCMS,Mooring County - Morrighan's Grave,TRUE,Storage Depot
Mooring County,Ogmaran,1,-17.829849600000003,-55.36742399999999,MCON,Mooring County - Ogmaran,TRUE,Seaport
Mooring County,Reaching River,1,-70.9396704,-38.512488,MCRR,Mooring County - Reaching River,FALSE,
Mooring County,Riverhill,0,41.152665600000006,-43.942584,MCRL,Mooring County - Riverhill,FALSE,
Mooring County,Scáth Copse,0,94.42552319999999,10.016495999999993,MCSC,Mooring County - Scáth Copse,FALSE,
Mooring County,The Cut,1,-64.3197024,40.586112,MCCT,Mooring County - The Cut,FALSE,
Mooring County,The Graveyard,0,-32.61384,6.669095999999997,MCGD,Mooring County - The Graveyard,FALSE,
Mooring County,The Mound,0,7.619443199999994,22.64320800000001,MCMD,Mooring County - The Mound,FALSE,
Mooring County,The Spade,1,-66.272256,-10.64112,MCSE,Mooring County - The Spade,FALSE,
Mooring County,The Wind Hills,1,-32.2247808,66.20728799999999,MCWH,Mooring County - The Wind Hills,FALSE,
Mooring County,Wiccwalk,1,70.7164992,49.160664,MCWK,Mooring County - Wiccwalk,FALSE,
Mooring County,Wiccwood,0,37.10214719999999,-8.158584000000005,MCWD,Mooring County - Wiccwood,FALSE,
Morgens Crossing,Allsight,1,21.544703999999992,-59.06964,MCAT,Morgens Crossing - Allsight,TRUE,Storage Depot
Morgens Crossing,Bastard's Block,1,27.817862400000006,-27.246072,MCBS,Morgens Crossing - Bastard's Block,TRUE,Aircraft Depot
Morgens Crossing,Callum's Descent,1,-41.887756800000005,47.813136,MCCS,Morgens Crossing - Callum's Descent,FALSE,
Morgens Crossing,Crimson Thread,0,-27.108691200000003,-43.777440000000006,MCCT,Morgens Crossing - Crimson Thread,FALSE,
Morgens Crossing,Eversus,1,-36.508060799999996,-63.547008,MCES,Morgens Crossing - Eversus,FALSE,
Morgens Crossing,Lividus,1,29.801001599999996,6.441624000000003,MCLS,Morgens Crossing - Lividus,TRUE,Storage Depot
Morgens Crossing,Quietus,1,-53.273116800000004,-23.06556,MCQS,Morgens Crossing - Quietus,TRUE,Seaport
Morgens Crossing,Rising Calm,0,-5.882284799999998,-19.804848,MCRC,Morgens Crossing - Rising Calm,FALSE,
Morgens Crossing,The Bastard Sea,0,-38.3476032,22.342152000000006,MCBS,Morgens Crossing - The Bastard Sea,FALSE,
Morgens Crossing,Ultimus,0,64.12607999999999,-57.801576,MCUS,Morgens Crossing - Ultimus,FALSE,
Morgens Crossing,Velian Storm,0,34.47645119999999,-13.130039999999996,MCVS,Morgens Crossing - Velian Storm,FALSE,
Morgens Crossing,Warmonger Bay,0,58.02088319999999,38.945592,MCWB,Morgens Crossing - Warmonger Bay,FALSE,
Nevish Line,Blackburn Canal,0,-31.8572352,54.8772,NLBC,Nevish Line - Blackburn Canal,FALSE,
Nevish Line,Blackcoat Way,1,-39.34992959999999,32.39342400000001,NLBW,Nevish Line - Blackcoat Way,TRUE,Storage Depot
Nevish Line,Blinding Stones,1,-28.19914559999999,-49.152096,NLBS,Nevish Line - Blinding Stones,TRUE,Aircraft Depot
Nevish Line,Graven Falls,0,9.170755199999999,73.241784,NLGF,Nevish Line - Graven Falls,FALSE,
Nevish Line,Grief Mother,1,52.03828799999999,24.907344000000002,NLGM,Nevish Line - Grief Mother,FALSE,
Nevish Line,Mistle Shrine,1,84.82423680000001,-10.569216000000004,NLMS,Nevish Line - Mistle Shrine,TRUE,Storage Depot
Nevish Line,Nevish Trail,0,-37.307433599999996,-70.569744,NLNT,Nevish Line - Nevish Trail,FALSE,
Nevish Line,Plumage,0,47.6013024,47.687304000000005,NLPE,Nevish Line - Plumage,FALSE,
Nevish Line,Princefal,1,15.603062399999985,5.648159999999997,NLPL,Nevish Line - Princefal,FALSE,
Nevish Line,Princefal Burn,0,11.781936000000005,34.877303999999995,NLPB,Nevish Line - Princefal Burn,FALSE,
Nevish Line,Tear Road,0,-32.157647999999995,-4.427135999999997,NLTR,Nevish Line - Tear Road,FALSE,
Nevish Line,The Aging Ocean,0,-87.87553919999999,-11.098080000000001,NLAO,Nevish Line - The Aging Ocean,FALSE,
Nevish Line,The Arrow,0,75.631968,10.539479999999998,NLAW,Nevish Line - The Arrow,FALSE,
Nevish Line,The Scrying Belt,1,24.642143999999995,-45.08952,NLSB,Nevish Line - The Scrying Belt,TRUE,Seaport
Nevish Line,Tomb Father,1,-22.1984064,62.498688,NLTF,Nevish Line - Tomb Father,FALSE,
Nevish Line,Unruly,1,42.17883839999999,-71.05946399999999,NLUY,Nevish Line - Unruly,FALSE,
Oarbreaker,Barrenson,0,-65.4036768,-46.898208,ORBN,Oarbreaker - Barrenson,FALSE,
Oarbreaker,Bronze,0,43.58655360000001,-1.8807600000000018,ORBE,Oarbreaker - Bronze,FALSE,
Oarbreaker,Castor,0,-5.4527903999999925,-67.365312,ORCR,Oarbreaker - Castor,FALSE,
Oarbreaker,Cat Step,0,45.21199679999999,41.814024,ORCS,Oarbreaker - Cat Step,FALSE,
Oarbreaker,Fort Fogwood,1,74.58557760000001,-9.824808,ORFF,Oarbreaker - Fort Fogwood,FALSE,
Oarbreaker,Gold,1,-76.1985792,-12.156312000000002,ORGD,Oarbreaker - Gold,FALSE,
Oarbreaker,Grisly Refuge,1,-36.9054144,-55.56045600000001,ORGR,Oarbreaker - Grisly Refuge,FALSE,
Oarbreaker,Integrum,1,-35.62859520000001,52.024728,ORIM,Oarbreaker - Integrum,TRUE,Seaport
Oarbreaker,Kofteri Channel,0,2.4030432000000075,-16.905168,ORKC,Oarbreaker - Kofteri Channel,FALSE,
Oarbreaker,Lion's Head Pass,0,-11.203401600000003,51.03100800000001,ORLS,Oarbreaker - Lion's Head Pass,FALSE,
Oarbreaker,Obitum,0,30.98165759999999,-27.547463999999998,OROM,Oarbreaker - Obitum,FALSE,
Oarbreaker,Partisan Island,1,61.70644799999999,27.274127999999997,ORPI,Oarbreaker - Partisan Island,FALSE,
Oarbreaker,Pollux,0,-17.2609056,-68.616072,ORPX,Oarbreaker - Pollux,FALSE,
Oarbreaker,Posterus,1,18.483551999999996,49.281456,ORPS,Oarbreaker - Posterus,FALSE,
Oarbreaker,Reliqua Lagoon,0,40.898649600000006,23.171568,ORRL,Oarbreaker - Reliqua Lagoon,FALSE,
Oarbreaker,Sandalwood Beach,0,45.07202879999999,-58.970016,ORSB,Oarbreaker - Sandalwood Beach,FALSE,
Oarbreaker,Silver,1,-2.9128896000000064,7.738751999999999,ORSR,Oarbreaker - Silver,FALSE,
Oarbreaker,Skull Beach,0,-60.344870400000005,-9.092496,ORSB,Oarbreaker - Skull Beach,FALSE,
Oarbreaker,The Conclave,1,24.984028799999987,-49.33992,ORCE,Oarbreaker - The Conclave,TRUE,Seaport
Oarbreaker,The Dirk,1,-45.03055680000001,32.89087200000001,ORDK,Oarbreaker - The Dirk,TRUE,Aircraft Depot
Olavis Wake,Ilmari Bridge,1,40.97770560000001,-17.719632,OWIB,Olavis Wake - Ilmari Bridge,FALSE,
Olavis Wake,Koskinla,1,-53.1764352,-28.783272,OWKA,Olavis Wake - Koskinla,TRUE,Seaport
Olavis Wake,Kulkue,1,40.236134400000005,44.250527999999996,OWKE,Olavis Wake - Kulkue,TRUE,Storage Depot
Olavis Wake,The Corpse Road,0,16.293312000000007,27.618696000000003,OWCR,Olavis Wake - The Corpse Road,FALSE,
Olavis Wake,Yöohja,1,9.492163200000004,2.039352000000002,OWYA,Olavis Wake - Yöohja,FALSE,
Onyx,Beholder's Span,1,20.723558400000005,-32.214335999999996,OXBS,Onyx - Beholder's Span,FALSE,
Onyx,Cisterna Run,1,62.61572160000001,-31.810464000000003,OXCR,Onyx - Cisterna Run,TRUE,Aircraft Depot
Onyx,Dexam,1,22.416912000000007,52.717727999999994,OXDM,Onyx - Dexam,TRUE,Seaport
Onyx,Garland,1,3.303244799999994,-64.408176,OXGD,Onyx - Garland,TRUE,Storage Depot
Onyx,The Brink,1,10.418803200000003,11.118408000000008,OXBK,Onyx - The Brink,TRUE,Seaport
Onyx,The Waif,1,-78.0119424,15.645840000000007,OXWF,Onyx - The Waif,FALSE,
Origin,Arise,1,-13.913856000000001,-12.927095999999999,ONAE,Origin - Arise,FALSE,
Origin,Cado,0,-64.4749632,6.412392000000001,ONCO,Origin - Cado,FALSE,
Origin,Dormio,1,80.55288,15.281280000000006,ONDO,Origin - Dormio,FALSE,
Origin,Exorior,0,18.791740799999992,64.935528,ONER,Origin - Exorior,FALSE,
Origin,Finis,1,-47.2169088,6.743687999999997,ONFS,Origin - Finis,TRUE,Storage Depot
Origin,Initium,1,29.95963200000001,-27.397104,ONIM,Origin - Initium,TRUE,Seaport
Origin,Noventus Passage,0,-4.651862399999997,-67.921392,ONNP,Origin - Noventus Passage,FALSE,
Origin,Obsidio Island,0,-72.7589952,-38.079384,ONOI,Origin - Obsidio Island,FALSE,
Origin,Teichotima,1,-46.447343999999994,47.04722400000001,ONTA,Origin - Teichotima,TRUE,Storage Depot
Origin,Temple Field,0,56.29746239999999,3.4085520000000002,ONTF,Origin - Temple Field,FALSE,
Origin,The Dreamer's Road,0,19.454255999999994,-2.666832,ONDS,Origin - The Dreamer's Road,FALSE,
Origin,The Echo,0,60.195571199999996,28.095312,ONEO,Origin - The Echo,FALSE,
Origin,The Steel Road,1,22.2896448,-65.247168,ONSR,Origin - The Steel Road,FALSE,
Origin,The Sundering,0,-8.534678399999995,22.761648,ONSG,Origin - The Sundering,FALSE,
Origin,World Star,1,35.307705599999984,46.49568,ONWS,Origin - World Star,TRUE,Aircraft Depot
Palantine Berm,Dryfeld,1,-57.323635200000005,-20.822928,PBDD,Palantine Berm - Dryfeld,FALSE,
Palantine Berm,Leiri Hermanni,1,8.964172799999986,28.167215999999996,PBLH,Palantine Berm - Leiri Hermanni,FALSE,
Palantine Berm,The Droll,1,19.277222399999996,-3.8470320000000005,PBDL,Palantine Berm - The Droll,TRUE,Seaport
Palantine Berm,The Pippeli Stones,1,70.11852479999999,-20.436696,PBPS,Palantine Berm - The Pippeli Stones,FALSE,
Palantine Berm,Underlook,1,-33.3061632,-62.112792000000006,PBUK,Palantine Berm - Underlook,FALSE,
Palantine Berm,Vendett,1,-37.205827199999995,9.039576000000007,PBVT,Palantine Berm - Vendett,TRUE,Seaport
Palantine Berm,Windburn Landing,1,33.6249792,-53.052887999999996,PBWL,Palantine Berm - Windburn Landing,TRUE,Aircraft Depot
Pari Peak,Camp Surista,1,22.3575552,58.44955199999999,PPCS,Pari Peak - Camp Surista,FALSE,
Pari Peak,Itään,1,-26.263699200000005,42.32339999999999,PPIN,Pari Peak - Itään,FALSE,
Pari Peak,Kohina Base,1,66.19734720000001,-18.930576000000002,PPKB,Pari Peak - Kohina Base,FALSE,
Pari Peak,Little Raakkua,1,18.806515199999986,-13.430592000000003,PPLR,Pari Peak - Little Raakkua,TRUE,Seaport
Pari Peak,Pariah,1,53.2663776,38.029655999999996,PPPH,Pari Peak - Pariah,TRUE,Storage Depot
Pipers Enclave,Aegocerus Fortress,1,40.352774399999994,49.027440000000006,PEAF,Pipers Enclave - Aegocerus Fortress,FALSE,
Pipers Enclave,House of Lyterius,1,-39.682742399999995,-39.200616000000004,PEHL,Pipers Enclave - House of Lyterius,TRUE,Storage Depot
Pipers Enclave,Maenalius Cove,1,-65.0322432,20.642832000000006,PEMC,Pipers Enclave - Maenalius Cove,FALSE,
Pipers Enclave,Pan's Villa,1,49.14328319999999,1.084104000000007,PEPS,Pipers Enclave - Pan's Villa,TRUE,Seaport
Pipers Enclave,Reedhurst,1,-8.896262400000005,-8.622600000000002,PERT,Pipers Enclave - Reedhurst,FALSE,
Pipers Enclave,Syrinx Pass,1,-23.2937856,51.87336,PESP,Pipers Enclave - Syrinx Pass,FALSE,
Reaching Trail,Brodytown,1,-14.482022399999993,-29.773968,RTBN,Reaching Trail - Brodytown,TRUE,Storage Depot
Reaching Trail,Camp Eos,0,65.3375808,34.229831999999995,RTCE,Reaching Trail - Camp Eos,FALSE,
Reaching Trail,Caragtais,0,-12.8119968,4.940208000000007,RTCS,Reaching Trail - Caragtais,FALSE,
Reaching Trail,Duffy's Farm,0,-59.115225599999995,11.437272,RTDS,Reaching Trail - Duffy's Farm,FALSE,
Reaching Trail,Dugan's Approach,0,49.83664319999999,-58.150344000000004,RTDS,Reaching Trail - Dugan's Approach,FALSE,
Reaching Trail,Dwyersfield,0,-75.49744319999999,-39.12132,RTDD,Reaching Trail - Dwyersfield,FALSE,
Reaching Trail,Dwyerstown,1,-90.55955519999999,-22.862616000000003,RTDN,Reaching Trail - Dwyerstown,FALSE,
Reaching Trail,Elksford,1,-43.9351776,-0.4746000000000037,RTED,Reaching Trail - Elksford,FALSE,
Reaching Trail,Featherfield,0,-15.377817599999997,50.166647999999995,RTFD,Reaching Trail - Featherfield,FALSE,
Reaching Trail,Fisherman's Floe,0,36.3089952,9.614808000000005,RTFS,Reaching Trail - Fisherman's Floe,FALSE,
Reaching Trail,Fort Mac Conaill,1,52.39209600000001,58.51036800000001,RTFM,Reaching Trail - Fort Mac Conaill,FALSE,
Reaching Trail,Harpy,1,-14.688604800000006,69.949488,RTHY,Reaching Trail - Harpy,FALSE,
Reaching Trail,Hookhall,0,-34.544361599999995,25.170768000000002,RTHL,Reaching Trail - Hookhall,FALSE,
Reaching Trail,Humidus,0,-59.01258239999999,28.113624,RTHS,Reaching Trail - Humidus,FALSE,
Reaching Trail,Ice Ranch,1,52.9291584,-18.833976000000003,RTIR,Reaching Trail - Ice Ranch,FALSE,
Reaching Trail,Limestone Holdfast,1,-53.422934399999995,-57.862896,RTLH,Reaching Trail - Limestone Holdfast,FALSE,
Reaching Trail,Mac Conaill's Pass,0,30.38886720000001,81.64211999999999,RTMC,Reaching Trail - Mac Conaill's Pass,FALSE,
Reaching Trail,Mousetrap,1,88.15417919999999,5.571384000000009,RTMP,Reaching Trail - Mousetrap,FALSE,
Reaching Trail,Nightchurch,1,-31.564080000000004,41.13950400000001,RTNH,Reaching Trail - Nightchurch,TRUE,Storage Depot
Reaching Trail,Pitfall,0,97.937424,-20.398056,RTPL,Reaching Trail - Pitfall,FALSE,
Reaching Trail,Puncta,0,-81.5679072,14.922935999999998,RTPA,Reaching Trail - Puncta,FALSE,
Reaching Trail,Reprieve,1,11.5826112,29.578248000000002,RTRE,Reaching Trail - Reprieve,TRUE,Storage Depot
Reaching Trail,Scorpion,0,-41.84887679999999,61.01239199999999,RTSN,Reaching Trail - Scorpion,FALSE,
Reaching Trail,The Ark,1,62.61883200000001,9.726864,RTAK,Reaching Trail - The Ark,FALSE,
Reaching Trail,The Bait,0,54.17254080000001,9.699144000000006,RTBT,Reaching Trail - The Bait,FALSE,
Reaching Trail,The Cairns,0,26.731036800000005,-43.867656,RTCS,Reaching Trail - The Cairns,FALSE,
Reaching Trail,The Chicken Coop,0,-46.469376,-14.355432,RTCC,Reaching Trail - The Chicken Coop,FALSE,
Reaching Trail,The Deckard,0,-18.787852799999996,-77.07672000000001,RTDD,Reaching Trail - The Deckard,FALSE,
Reaching Trail,The Knot,0,-13.2077952,26.59776,RTKT,Reaching Trail - The Knot,FALSE,
Reaching Trail,The Reaching Heights,0,12.005107200000007,7.983191999999996,RTRH,Reaching Trail - The Reaching Heights,FALSE,
Reaching Trail,The Rime Ledge,0,103.515408,41.208048,RTRL,Reaching Trail - The Rime Ledge,FALSE,
Reaching Trail,The Rousing Fields,0,-68.179968,-5.399184,RTRF,Reaching Trail - The Rousing Fields,FALSE,
Reaching Trail,The Scar,0,-53.326512,7.337903999999999,RTSR,Reaching Trail - The Scar,FALSE,
Reaching Trail,The Squeeze,0,-47.2811904,93.49435199999999,RTSE,Reaching Trail - The Squeeze,FALSE,
Reaching Trail,Thýlak,0,-98.99210879999998,40.41492,RTTK,Reaching Trail - Thýlak,FALSE,
Reaching Trail,Windy Way,0,-70.7385312,-70.793352,RTWW,Reaching Trail - Windy Way,FALSE,
Reavers Pass,Billhook Reach,0,61.8539328,-36.154608,RPBR,Reavers Pass - Billhook Reach,FALSE,
Reavers Pass,Binnacle Pitch,0,-75.6996192,46.843104,RPBP,Reavers Pass - Binnacle Pitch,FALSE,
Reavers Pass,Blackjack Junction,0,-14.922921599999995,2.443056000000009,RPBJ,Reavers Pass - Blackjack Junction,FALSE,
Reavers Pass,Blissfin Beach,0,85.11557759999998,-21.559103999999998,RPBB,Reavers Pass - Blissfin Beach,FALSE,
Reavers Pass,Breakwater,1,59.70360960000001,-0.8685600000000013,RPBR,Reavers Pass - Breakwater,TRUE,Storage Depot
Reavers Pass,Cape Balderstone,0,-72.1610208,-31.390296,RPCB,Reavers Pass - Cape Balderstone,FALSE,
Reavers Pass,Clay Coffer,1,43.78691520000001,51.10056000000001,RPCC,Reavers Pass - Clay Coffer,TRUE,Aircraft Depot
Reavers Pass,Fort Rictus,1,-46.69384319999999,-50.406888,RPFR,Reavers Pass - Fort Rictus,FALSE,
Reavers Pass,Jeweller's Bay,0,60.88089599999999,-11.923631999999998,RPJS,Reavers Pass - Jeweller's Bay,FALSE,
Reavers Pass,Keelhaul,1,-20.180534400000003,35.40314399999999,RPKL,Reavers Pass - Keelhaul,TRUE,Seaport
Reavers Pass,Mount Haulwind,0,22.09576320000001,10.654223999999996,RPMH,Reavers Pass - Mount Haulwind,FALSE,
Reavers Pass,Privateer's Bounty,0,-4.073587200000002,-42.528024,RPPS,Reavers Pass - Privateer's Bounty,FALSE,
Reavers Pass,Scuttletown,1,-64.6193376,-1.6086,RPSN,Reavers Pass - Scuttletown,TRUE,Storage Depot
Reavers Pass,Sharkfin River,0,46.90016640000001,-42.287952,RPSR,Reavers Pass - Sharkfin River,FALSE,
Reavers Pass,The Bilge,1,4.2231456000000005,-59.289552,RPBE,Reavers Pass - The Bilge,FALSE,
Reavers Pass,The Foreward Fathom,0,66.54182399999998,10.18315199999999,RPFF,Reavers Pass - The Foreward Fathom,FALSE,
Reavers Pass,The Furl,0,-1.5575327999999964,60.74308800000001,RPFL,Reavers Pass - The Furl,FALSE,
Reavers Pass,The Whaler,0,-95.9685408,12.609743999999992,RPWR,Reavers Pass - The Whaler,FALSE,
Reavers Pass,Thimble Base,1,-41.832806399999996,62.602512000000004,RPTB,Reavers Pass - Thimble Base,FALSE,
Red River,Camp Upsilon,1,-60.7445568,-38.521896,RRCU,Red River - Camp Upsilon,FALSE,
Red River,Cannonsmoke,1,-14.980463999999996,24.315647999999996,RRCE,Red River - Cannonsmoke,TRUE,Seaport
Red River,Climb,1,54.353462400000005,-59.88528,RRCB,Red River - Climb,FALSE,
Red River,Fort Matchwood,1,11.732947200000007,-18.290832000000005,RRFM,Red River - Fort Matchwood,FALSE,
Red River,Fragment Knolls,0,-83.5134624,-22.5372,RRFK,Red River - Fragment Knolls,FALSE,
Red River,Gunpowder Lane,0,29.294524799999994,-43.098383999999996,RRGL,Red River - Gunpowder Lane,FALSE,
Red River,Judicium,1,57.4674912,-22.312248000000004,RRJM,Red River - Judicium,TRUE,Storage Depot
Red River,Minos,1,-34.288012800000004,-4.612776000000002,RRMS,Red River - Minos,FALSE,
Red River,Penance,1,0.7037280000000059,-56.079744,RRPE,Red River - Penance,TRUE,Storage Depot
Red River,Perish,0,-55.461283200000004,41.8404,RRPH,Red River - Perish,FALSE,
Red River,Red Crossing,0,30.61333439999999,56.385839999999995,RRRC,Red River - Red Crossing,FALSE,
Red River,The Red River,0,5.678035199999995,34.836983999999994,RRRR,Red River - The Red River,FALSE,
Red River,Twelve Drops,0,55.30861439999999,-7.093800000000002,RRTD,Red River - Twelve Drops,FALSE,
Red River,Victoria Hill,1,70.88005439999998,10.641959999999997,RRVH,Red River - Victoria Hill,TRUE,Aircraft Depot
Sableport,Aeyrie Bay,0,-62.814527999999996,13.697039999999998,STAB,Sableport - Aeyrie Bay,FALSE,
Sableport,Barronhome,1,27.120355200000006,35.089488,STBE,Sableport - Barronhome,TRUE,Storage Depot
Sableport,Cinderwick,1,-7.592486399999996,-35.517888,STCK,Sableport - Cinderwick,TRUE,Storage Depot
Sableport,Creeping Drought,0,13.584153600000002,-3.9490080000000045,STCD,Sableport - Creeping Drought,FALSE,
Sableport,Groggy Pinion,0,-66.5584128,-50.768088,STGP,Sableport - Groggy Pinion,FALSE,
Sableport,Light's End,1,-36.5036544,34.913256000000004,STLS,Sableport - Light's End,TRUE,Seaport
Sableport,Lord's Cellar,0,67.1089536,54.00612,STLS,Sableport - Lord's Cellar,FALSE,
Sableport,Lye Fields,0,-10.872403199999995,32.13856800000001,STLF,Sableport - Lye Fields,FALSE,
Sableport,Riven Downs,0,57.099945599999984,-58.040304,STRD,Sableport - Riven Downs,FALSE,
Sableport,Simmerset,0,-8.250854400000007,62.161176,STST,Sableport - Simmerset,FALSE,
Sableport,Slumbering Meadow,0,-4.417804800000001,-66.605448,STSM,Sableport - Slumbering Meadow,FALSE,
Sableport,Suture Lowlands,0,-91.6886304,-12.463583999999996,STSL,Sableport - Suture Lowlands,FALSE,
Sableport,Talonsfort,1,-36.7522272,-61.345536,STTT,Sableport - Talonsfort,FALSE,
Sableport,The Pendant,1,55.7432928,-27.058248000000003,STPT,Sableport - The Pendant,FALSE,
Sableport,The Robin's Nest,1,69.5897568,13.947359999999996,STRS,Sableport - The Robin's Nest,FALSE,
Sableport,The Whetstone,1,-45.979747200000006,-6.03288,STWE,Sableport - The Whetstone,FALSE,
Sableport,Waspwood,0,-35.27997119999999,-27.193655999999997,STWD,Sableport - Waspwood,FALSE,
Sableport,Wormskive,0,82.37272319999998,-9.61296,STWE,Sableport - Wormskive,FALSE,
Shackled Chasm,A Careless Net,0,-17.534879999999998,62.185368000000004,SCAC,Shackled Chasm - A Careless Net,FALSE,
Shackled Chasm,A New Spring,0,40.257129600000006,-39.792480000000005,SCAN,Shackled Chasm - A New Spring,FALSE,
Shackled Chasm,Autumn Pyres,0,2.6910144000000007,-29.162951999999997,SCAP,Shackled Chasm - Autumn Pyres,FALSE,
Shackled Chasm,Final Step,0,-51.052809599999996,-55.136256,SCFS,Shackled Chasm - Final Step,FALSE,
Shackled Chasm,Firstmarch,1,88.638624,-18.928895999999998,SCFH,Shackled Chasm - Firstmarch,FALSE,
Shackled Chasm,Gorgon Grove,1,-71.7053472,-24.184272000000004,SCGG,Shackled Chasm - Gorgon Grove,FALSE,
Shackled Chasm,Hades Ladder,0,-23.9702976,-34.010256,SCHL,Shackled Chasm - Hades Ladder,FALSE,
Shackled Chasm,Legion's Dawn,0,-39.8540736,75.309864,SCLS,Shackled Chasm - Legion's Dawn,FALSE,
Shackled Chasm,Limewood Holdfast,1,-7.369574400000003,-4.208064000000002,SCLH,Shackled Chasm - Limewood Holdfast,FALSE,
Shackled Chasm,Manky Hills,0,81.0028512,15.59594400000001,SCMH,Shackled Chasm - Manky Hills,FALSE,
Shackled Chasm,Reflection,1,-73.53504,17.526431999999996,SCRN,Shackled Chasm - Reflection,FALSE,
Shackled Chasm,Savages,1,-28.432166400000003,-52.97208,SCSS,Shackled Chasm - Savages,TRUE,Storage Depot
Shackled Chasm,Silk Farms,1,-15.707519999999995,27.736800000000002,SCSF,Shackled Chasm - Silk Farms,TRUE,Seaport
Shackled Chasm,Simo's Run,1,55.67253120000001,60.30780000000001,SCSS,Shackled Chasm - Simo's Run,FALSE,
Shackled Chasm,Southreach,0,-5.838220799999997,-68.12904,SCSH,Shackled Chasm - Southreach,FALSE,
Shackled Chasm,The Bell Toll,1,31.399488000000005,-19.669607999999997,SCBT,Shackled Chasm - The Bell Toll,FALSE,
Shackled Chasm,The Blue,0,10.61527680000001,63.053256000000005,SCBE,Shackled Chasm - The Blue,FALSE,
Shackled Chasm,The First Rung,0,-37.64257920000001,-9.696623999999998,SCFR,Shackled Chasm - The First Rung,FALSE,
Shackled Chasm,The Foolish Maidens,0,-110.07446399999999,12.270551999999995,SCFM,Shackled Chasm - The Foolish Maidens,FALSE,
Shackled Chasm,The Grave of Erastos,1,39.01633920000001,-57.574944,SCGE,Shackled Chasm - The Grave of Erastos,TRUE,Storage Depot
Shackled Chasm,The Plunging,0,-79.6539744,42.309456000000004,SCPG,Shackled Chasm - The Plunging,FALSE,
Shackled Chasm,The Vanguard,1,49.9579488,20.526072000000006,SCVD,Shackled Chasm - The Vanguard,FALSE,
Shackled Chasm,Widow's Web,0,7.228051199999991,29.038967999999997,SCWS,Shackled Chasm - Widow's Web,FALSE,
Speaking Woods,Calmland,0,85.59898559999998,-34.348943999999996,SWCD,Speaking Woods - Calmland,FALSE,
Speaking Woods,Cursed Court,0,-2.156284800000005,-9.63312,SWCC,Speaking Woods - Cursed Court,FALSE,
Speaking Woods,Fort Blather,1,62.673263999999996,50.873928,SWFB,Speaking Woods - Fort Blather,FALSE,
Speaking Woods,Hush,1,-11.235283199999998,-46.567584,SWHH,Speaking Woods - Hush,FALSE,
Speaking Woods,Inari Base,1,63.03121919999998,-57.558144000000006,SWIB,Speaking Woods - Inari Base,FALSE,
Speaking Woods,Mount Rell,0,-83.2610016,10.861536000000008,SWMR,Speaking Woods - Mount Rell,FALSE,
Speaking Woods,Mute,0,-51.754723199999994,-34.79229599999999,SWME,Speaking Woods - Mute,FALSE,
Speaking Woods,Reaching River,0,54.43096319999999,30.216312,SWRR,Speaking Woods - Reaching River,FALSE,
Speaking Woods,Rell Foothills,0,-47.35843199999999,27.852384000000008,SWRF,Speaking Woods - Rell Foothills,FALSE,
Speaking Woods,Sotto Bank,1,16.226179200000004,7.254576000000009,SWSB,Speaking Woods - Sotto Bank,TRUE,Storage Depot
Speaking Woods,Stem,1,-27.569289599999994,35.81239200000001,SWSM,Speaking Woods - Stem,TRUE,Aircraft Depot
Speaking Woods,The Filament,1,-50.067071999999996,-4.006799999999997,SWFT,Speaking Woods - The Filament,TRUE,Storage Depot
Speaking Woods,Tine,1,31.40856000000001,-29.3034,SWTE,Speaking Woods - Tine,TRUE,Seaport
Speaking Woods,Wound,1,99.35913599999998,-8.100287999999997,SWWD,Speaking Woods - Wound,FALSE,
Stema Landing,Acies Overlook,1,12.119414400000013,-47.429088,SLAO,Stema Landing - Acies Overlook,TRUE,Aircraft Depot
Stema Landing,Alchimio Estate,1,-30.845059200000005,53.937743999999995,SLAE,Stema Landing - Alchimio Estate,TRUE,Seaport
Stema Landing,Base Ferveret,1,37.2187872,24.109512,SLBF,Stema Landing - Base Ferveret,FALSE,
Stema Landing,Base Sagitta,1,84.16379520000001,9.606743999999997,SLBS,Stema Landing - Base Sagitta,FALSE,
Stema Landing,Burnish Beach,0,40.82088959999999,-29.316336,SLBB,Stema Landing - Burnish Beach,FALSE,
Stema Landing,Desolation Beach,0,23.92649279999999,6.589464000000001,SLDB,Stema Landing - Desolation Beach,FALSE,
Stema Landing,Foreland,0,16.938979200000013,-39.984671999999996,SLFD,Stema Landing - Foreland,FALSE,
Stema Landing,Isle of Eros,0,-15.7251456,-8.017800000000003,SLIE,Stema Landing - Isle of Eros,FALSE,
Stema Landing,Stema Approach,0,78.99223679999999,57.913799999999995,SLSA,Stema Landing - Stema Approach,FALSE,
Stema Landing,The Coil,0,6.513695999999996,-15.677424000000002,SLCL,Stema Landing - The Coil,FALSE,
Stema Landing,The Flair,1,-44.230924800000004,-46.140192,SLFR,Stema Landing - The Flair,FALSE,
Stema Landing,The North Wind,0,-44.635795200000004,-68.61338400000001,SLNW,Stema Landing - The North Wind,FALSE,
Stema Landing,The Spearhead,1,25.095484799999994,-27.520919999999997,SLSD,Stema Landing - The Spearhead,TRUE,Seaport
Stema Landing,The Wane,1,40.29730560000001,54.907272000000006,SLWE,Stema Landing - The Wane,FALSE,
Stema Landing,The Wending Tether,0,-44.1277632,11.824847999999992,SLWT,Stema Landing - The Wending Tether,FALSE,
Stema Landing,The West Line,0,61.296911999999985,-45.286248,SLWL,Stema Landing - The West Line,FALSE,
Stema Landing,Ustio,1,-13.590892799999994,3.762696,SLUO,Stema Landing - Ustio,FALSE,
Stema Landing,Verge Wing,1,-80.6920704,-4.233432000000004,SLVW,Stema Landing - Verge Wing,FALSE,
Stlican Shelf,Breaker Town,1,-38.0212704,-8.540111999999999,SSBT,Stlican Shelf - Breaker Town,FALSE,
Stlican Shelf,Briar,1,-44.3784096,-45.813432000000006,SSBR,Stlican Shelf - Briar,FALSE,
Stlican Shelf,Broken Zephyr,0,-24.173251199999996,62.372015999999995,SSBZ,Stlican Shelf - Broken Zephyr,FALSE,
Stlican Shelf,Calving,0,86.403024,8.149680000000009,SSCG,Stlican Shelf - Calving,FALSE,
Stlican Shelf,Crystalfleet Inlet,0,-13.087785600000002,20.838048000000008,SSCI,Stlican Shelf - Crystalfleet Inlet,FALSE,
Stlican Shelf,Desiccated Front,0,-5.065545599999994,-5.90352,SSDF,Stlican Shelf - Desiccated Front,FALSE,
Stlican Shelf,Diarmaid's Plan,0,-53.17876799999999,-74.632488,SSDS,Stlican Shelf - Diarmaid's Plan,FALSE,
Stlican Shelf,Fort Hoarfrost,1,27.929059200000008,14.899583999999997,SSFH,Stlican Shelf - Fort Hoarfrost,FALSE,
Stlican Shelf,Glassy Flats,0,-56.323900800000004,21.37648800000001,SSGF,Stlican Shelf - Glassy Flats,FALSE,
Stlican Shelf,Port of Rime,1,45.235843200000005,-27.792240000000003,SSPR,Stlican Shelf - Port of Rime,TRUE,Seaport
Stlican Shelf,Revenant's Walk,0,1.5212448000000034,-44.1168,SSRS,Stlican Shelf - Revenant's Walk,FALSE,
Stlican Shelf,Searing Blind,0,-83.7273024,-21.148008000000004,SSSB,Stlican Shelf - Searing Blind,FALSE,
Stlican Shelf,The Old Mourn,1,-55.0781856,44.688672000000004,SSOM,Stlican Shelf - The Old Mourn,FALSE,
Stlican Shelf,The Pale House,1,-81.1448928,-10.095288,SSPH,Stlican Shelf - The Pale House,FALSE,
Stlican Shelf,The South Wind,1,28.59079679999999,56.987615999999996,SSSW,Stlican Shelf - The South Wind,FALSE,
Stlican Shelf,Thornhold,1,-69.1833312,16.104312000000004,SSTD,Stlican Shelf - Thornhold,FALSE,
Stlican Shelf,Vulpine Watch,1,-18.50195519999999,38.341632,SSVW,Stlican Shelf - Vulpine Watch,TRUE,Storage Depot
Stonecradle,Buckler Sound,1,2.745964799999998,2.4642240000000024,SEBS,Stonecradle - Buckler Sound,TRUE,Seaport
Stonecradle,Daihbi Point,0,-51.3835488,-64.48041599999999,SEDP,Stonecradle - Daihbi Point,FALSE,
Stonecradle,Fading Lights,1,60.668352000000006,32.182247999999994,SEFL,Stonecradle - Fading Lights,TRUE,Storage Depot
Stonecradle,Longing,0,-33.699628800000006,38.988600000000005,SELG,Stonecradle - Longing,FALSE,
Stonecradle,The Cord,1,16.19844480000001,32.636016000000005,SECD,Stonecradle - The Cord,FALSE,
Stonecradle,The Dais,1,24.146035200000004,-66.824688,SEDS,Stonecradle - The Dais,FALSE,
Stonecradle,The Heir's Knife,1,-57.964118400000004,47.143488,SEHS,Stonecradle - The Heir's Knife,FALSE,
Stonecradle,The Loneliest Shore,0,6.520953600000003,-41.271384000000005,SELS,Stonecradle - The Loneliest Shore,FALSE,
Stonecradle,The Long Fast,1,-21.477052800000003,65.48892000000001,SELF,Stonecradle - The Long Fast,FALSE,
Stonecradle,The Pram,0,-28.153526400000004,-3.8048640000000002,SEPM,Stonecradle - The Pram,FALSE,
Stonecradle,The Reach,1,52.11786240000001,-49.511448,SERH,Stonecradle - The Reach,TRUE,Aircraft Depot
Stonecradle,The Roiling Comets,0,92.3635872,7.443912000000007,SERC,Stonecradle - The Roiling Comets,FALSE,
Stonecradle,The Whorl,0,-50.448614400000004,-25.79724,SEWL,Stonecradle - The Whorl,FALSE,
Stonecradle,Trammel Pool,1,71.41608000000001,-6.582239999999999,SETP,Stonecradle - Trammel Pool,FALSE,
Stonecradle,World's End,1,-73.89014399999999,8.765736000000004,SEWS,Stonecradle - World's End,FALSE,
Tempest Island,Anchor,0,-52.8653952,-28.110096000000006,TIAR,Tempest Island - Anchor,FALSE,
Tempest Island,Blackwatch,1,90.67204799999999,-15.478008000000003,TIBH,Tempest Island - Blackwatch,FALSE,
Tempest Island,Cirris Valve,0,55.223856,-2.5132799999999955,TICV,Tempest Island - Cirris Valve,FALSE,
Tempest Island,Eros Lagoon,0,-90.8265312,-6.5061360000000015,TIEL,Tempest Island - Eros Lagoon,FALSE,
Tempest Island,Isle of Psyche,1,-90.3070944,2.3002560000000063,TIIP,Tempest Island - Isle of Psyche,FALSE,
Tempest Island,Liar's Haven,1,46.99451519999999,23.490264000000003,TILS,Tempest Island - Liar's Haven,TRUE,Storage Depot
Tempest Island,Liar's League,0,71.21727359999998,-1.4078399999999998,TILS,Tempest Island - Liar's League,FALSE,
Tempest Island,Lost Airchal,0,49.38693120000001,55.24125600000001,TILA,Tempest Island - Lost Airchal,FALSE,
Tempest Island,Pale Cnap,0,-54.495504000000004,-66.535056,TIPC,Tempest Island - Pale Cnap,FALSE,
Tempest Island,Plana Fada,1,-44.64538559999999,53.796792,TIPF,Tempest Island - Plana Fada,FALSE,
Tempest Island,Reef,1,53.33014079999999,-33.016031999999996,TIRF,Tempest Island - Reef,TRUE,Aircraft Depot
Tempest Island,Sclera,0,8.857641600000003,13.759368,TISA,Tempest Island - Sclera,FALSE,
Tempest Island,Skodio Isle,0,-14.086742399999993,-57.947232,TISI,Tempest Island - Skodio Isle,FALSE,
Tempest Island,Stratos Valve,0,1.4064192000000109,-1.1738160000000035,TISV,Tempest Island - Stratos Valve,FALSE,
Tempest Island,Surge Field,0,28.664668800000012,13.664615999999999,TISF,Tempest Island - Surge Field,FALSE,
Tempest Island,Surge Gate,1,-26.032492800000004,-8.033424000000004,TISG,Tempest Island - Surge Gate,FALSE,
Tempest Island,Sweetworm,0,-55.675382400000004,29.657039999999995,TISM,Tempest Island - Sweetworm,FALSE,
Tempest Island,The Gale,1,14.542675199999996,36.361416,TIGE,Tempest Island - The Gale,FALSE,
Tempest Island,The Iris,1,32.831308799999995,-3.269279999999996,TIIS,Tempest Island - The Iris,TRUE,Seaport
Tempest Island,The Outwood,0,29.333923200000005,-17.286527999999997,TIOD,Tempest Island - The Outwood,FALSE,
Tempest Island,The Rush,1,6.984143999999999,-26.921495999999994,TIRH,Tempest Island - The Rush,TRUE,Storage Depot
Terminus,Aspisa,0,-10.021190399999993,71.57740799999999,TSAA,Terminus - Aspisa,FALSE,
Terminus,Bay of the Ward,0,7.5004703999999975,-24.735983999999995,TSBW,Terminus - Bay of the Ward,FALSE,
Terminus,Bloody Palm Fort,1,81.672624,4.753727999999998,TSBP,Terminus - Bloody Palm Fort,TRUE,Aircraft Depot
Terminus,Cerberus Wake,1,-61.46279999999999,38.70467999999999,TSCW,Terminus - Cerberus Wake,FALSE,
Terminus,Dogbone,0,-75.3110784,-12.690047999999999,TSDE,Terminus - Dogbone,FALSE,
Terminus,Martyr's Fang,0,-3.0997727999999993,-11.142600000000003,TSMS,Terminus - Martyr's Fang,FALSE,
Terminus,Rising Loom,0,-2.7770688000000003,34.30895999999999,TSRL,Terminus - Rising Loom,FALSE,
Terminus,Sever,0,84.39111359999998,-15.849791999999997,TSSR,Terminus - Sever,FALSE,
Terminus,The Legion's Bounty,0,-53.25082559999999,20.285159999999998,TSLS,Terminus - The Legion's Bounty,FALSE,
Terminus,The Phalanx,0,-32.24059200000001,19.957896000000005,TSPX,Terminus - The Phalanx,FALSE,
Terminus,The Respite,0,-24.8044032,40.817784,TSRE,Terminus - The Respite,FALSE,
Terminus,Therizó,1,-12.105417599999997,40.08883199999999,TSTO,Terminus - Therizó,TRUE,Seaport
Terminus,Three Siblings,0,70.84532159999999,41.176296,TSTS,Terminus - Three Siblings,FALSE,
Terminus,Thunder Plains,0,-53.8796448,-40.004664,TSTP,Terminus - Thunder Plains,FALSE,
Terminus,Thunderbolt,1,-40.26568319999999,-68.826912,TSTT,Terminus - Thunderbolt,FALSE,
Terminus,Warlord's Stead,1,-64.0804608,-23.687664,TSWS,Terminus - Warlord's Stead,TRUE,Storage Depot
Terminus,Winding Bolas,1,72.2626272,-36.373343999999996,TSWB,Terminus - Winding Bolas,FALSE,
The Fingers,Captain's Dread,1,51.46441920000001,-42.541296,FSCS,The Fingers - Captain's Dread,FALSE,
The Fingers,Cavitatis,0,-16.787865599999996,18.814824,FSCS,The Fingers - Cavitatis,FALSE,
The Fingers,Fort Barley,1,-12.494736,-22.216488,FSFB,The Fingers - Fort Barley,FALSE,
The Fingers,Grapeshot Islands,0,17.043436799999995,-45.313296,FSGI,The Fingers - Grapeshot Islands,FALSE,
The Fingers,Headsman's Villa,1,-78.7498848,-8.595215999999997,FSHS,The Fingers - Headsman's Villa,TRUE,Seaport
The Fingers,Mount Talio,0,-21.535632000000003,-11.813759999999998,FSMT,The Fingers - Mount Talio,FALSE,
The Fingers,Plankhouse,1,-39.001824,21.25334399999999,FSPE,The Fingers - Plankhouse,FALSE,
The Fingers,Rusty Anchor,0,-61.9335072,-27.669936000000003,FSRA,The Fingers - Rusty Anchor,FALSE,
The Fingers,Second Man,1,-44.1803808,59.46023999999999,FSSM,The Fingers - Second Man,FALSE,
The Fingers,Tears of Tethys,0,24.458630399999986,0.4996320000000054,FSTT,The Fingers - Tears of Tethys,FALSE,
The Fingers,Tethys Base,1,23.324111999999996,7.248863999999994,FSTB,The Fingers - Tethys Base,FALSE,
The Fingers,The Old Captain,1,85.6326816,12.764640000000007,FSOC,The Fingers - The Old Captain,TRUE,Seaport
The Fingers,The Tusk,1,-50.5100448,-52.92168,FSTK,The Fingers - The Tusk,FALSE,
The Fingers,The Wary Nymphae,0,54.786585599999995,51.59296799999999,FSWN,The Fingers - The Wary Nymphae,FALSE,
The Fingers,Titancall,1,9.928915199999986,51.535343999999995,FSTL,The Fingers - Titancall,TRUE,Aircraft Depot
Tyrant Foothills,Azmar,1,-31.467657599999995,57.749159999999996,TFAR,Tyrant Foothills - Azmar,TRUE,Storage Depot
Tyrant Foothills,Bandolier Base,1,-67.58640000000001,-0.10382400000000125,TFBB,Tyrant Foothills - Bandolier Base,FALSE,
Tyrant Foothills,Duelist's Scarp,1,-28.5397344,-46.719120000000004,TFDS,Tyrant Foothills - Duelist's Scarp,FALSE,
Tyrant Foothills,Lugria,1,-2.7190079999999996,-28.270704,TFLA,Tyrant Foothills - Lugria,TRUE,Seaport
Tyrant Foothills,Northern Sky Hold,1,35.65010879999999,-43.419095999999996,TFNS,Tyrant Foothills - Northern Sky Hold,FALSE,
Tyrant Foothills,Onioncap,1,84.62335679999998,6.721344000000007,TFOP,Tyrant Foothills - Onioncap,FALSE,
Tyrant Foothills,Scrapegrace,1,27.150681599999988,57.05884800000001,TFSE,Tyrant Foothills - Scrapegrace,FALSE,
Umbral Wildwood,Adze Crossroads,0,-36.9663264,-19.063464,UWAC,Umbral Wildwood - Adze Crossroads,FALSE,
Umbral Wildwood,Amethyst,1,82.38671999999998,-18.67404,UWAT,Umbral Wildwood - Amethyst,FALSE,
Umbral Wildwood,Atropos' Fate,1,18.922377600000008,47.768111999999995,UWAF,Umbral Wildwood - Atropos' Fate,TRUE,Aircraft Depot
Umbral Wildwood,Clotho's Refuge,1,29.387059200000007,-29.570688,UWCS,Umbral Wildwood - Clotho's Refuge,FALSE,
Umbral Wildwood,Dredgefield,0,73.6138368,59.860415999999994,UWDD,Umbral Wildwood - Dredgefield,FALSE,
Umbral Wildwood,Golden Concourse,0,-90.47168639999998,35.723183999999996,UWGC,Umbral Wildwood - Golden Concourse,FALSE,
Umbral Wildwood,Goldenroot Ranch,1,-88.9805088,8.485344,UWGR,Umbral Wildwood - Goldenroot Ranch,FALSE,
Umbral Wildwood,Hermit's Rest,1,44.3817792,19.767383999999993,UWHS,Umbral Wildwood - Hermit's Rest,TRUE,Storage Depot
Umbral Wildwood,Lachesis' Tally,1,88.27211519999999,7.517999999999993,UWLT,Umbral Wildwood - Lachesis' Tally,FALSE,
Umbral Wildwood,Leatherback Pathway,0,54.69094080000001,-21.161448,UWLP,Umbral Wildwood - Leatherback Pathway,FALSE,
Umbral Wildwood,Sentry,1,-26.961206400000005,54.648047999999996,UWSY,Umbral Wildwood - Sentry,FALSE,
Umbral Wildwood,Steely Fields,0,-86.2288416,-29.743727999999997,UWSF,Umbral Wildwood - Steely Fields,FALSE,
Umbral Wildwood,Stray,1,45.807120000000005,-52.999295999999994,UWSY,Umbral Wildwood - Stray,FALSE,
Umbral Wildwood,Terrapin Woods,0,59.6323296,-1.5204000000000004,UWTW,Umbral Wildwood - Terrapin Woods,FALSE,
Umbral Wildwood,The Dredgewood,0,73.82923199999999,27.169631999999996,UWDD,Umbral Wildwood - The Dredgewood,FALSE,
Umbral Wildwood,The Foundry,1,-58.068576,-46.25712000000001,UWFY,Umbral Wildwood - The Foundry,FALSE,
Umbral Wildwood,The Frontier,0,28.917388799999998,37.238376,UWFR,Umbral Wildwood - The Frontier,FALSE,
Umbral Wildwood,The Gap,0,-19.772294400000003,5.350632000000003,UWGP,Umbral Wildwood - The Gap,FALSE,
Umbral Wildwood,The Strands,0,1.8092159999999964,-44.042544,UWSS,Umbral Wildwood - The Strands,FALSE,
Umbral Wildwood,Thunder Row,0,-61.987420799999995,27.411888000000005,UWTR,Umbral Wildwood - Thunder Row,FALSE,
Umbral Wildwood,Thunderfoot,1,-39.9341664,2.4664080000000093,UWTT,Umbral Wildwood - Thunderfoot,TRUE,Seaport
Umbral Wildwood,Vagrant Bastion,1,1.9852127999999925,-56.850528000000004,UWVB,Umbral Wildwood - Vagrant Bastion,FALSE,
Umbral Wildwood,Wasting Holt,0,13.068086400000011,73.922856,UWWH,Umbral Wildwood - Wasting Holt,FALSE,
Umbral Wildwood,Weaver's Trail,0,12.9776256,-9.037223999999997,UWWS,Umbral Wildwood - Weaver's Trail,FALSE,
Viper Pit,Afric's Approach,0,-62.0960256,29.273663999999993,VPAS,Viper Pit - Afric's Approach,FALSE,
Viper Pit,Austriaca River,0,-2.7840672,59.39068800000001,VPAR,Viper Pit - Austriaca River,FALSE,
Viper Pit,Blackthroat,1,-30.39431039999999,55.16179199999999,VPBT,Viper Pit - Blackthroat,FALSE,
Viper Pit,Deadsteps,0,11.098943999999992,-48.548975999999996,VPDS,Viper Pit - Deadsteps,FALSE,
Viper Pit,Earl Crowley,1,82.0339488,2.331503999999991,VPEC,Viper Pit - Earl Crowley,TRUE,Storage Depot
Viper Pit,Earl's Welcome,0,-91.786608,-15.157464,VPES,Viper Pit - Earl's Welcome,FALSE,
Viper Pit,Fleck Crossing,1,8.3452032,6.314448000000001,VPFC,Viper Pit - Fleck Crossing,TRUE,Aircraft Depot
Viper Pit,Fort Viper,1,-40.99066559999999,16.63888800000001,VPFV,Viper Pit - Fort Viper,FALSE,
Viper Pit,Hardcaps,0,-10.699775999999995,-78.591072,VPHS,Viper Pit - Hardcaps,FALSE,
Viper Pit,Kirknell,1,-56.3231232,8.078615999999998,VPKL,Viper Pit - Kirknell,TRUE,Seaport
Viper Pit,Lake Mioira,0,-74.20688639999999,-67.042416,VPLM,Viper Pit - Lake Mioira,FALSE,
Viper Pit,Moltworth,1,31.998239999999985,35.346695999999994,VPMH,Viper Pit - Moltworth,FALSE,
Viper Pit,Path of the Charmed,0,47.1720672,74.22743999999999,VPPC,Viper Pit - Path of the Charmed,FALSE,
Viper Pit,Serenity's Blight,1,-14.541897600000002,-25.008312000000004,VPSS,Viper Pit - Serenity's Blight,FALSE,
Viper Pit,Snakehead Lake,0,-25.469510400000004,-49.004592,VPSL,Viper Pit - Snakehead Lake,FALSE,
Viper Pit,The Bloody Bowery,0,-57.951935999999996,-7.100352000000004,VPBB,Viper Pit - The Bloody Bowery,FALSE,
Viper Pit,The Friars,1,-59.864313599999996,53.044824,VPFS,Viper Pit - The Friars,FALSE,
Viper Pit,The Lady's Lake,0,-78.908256,22.311072000000006,VPLS,Viper Pit - The Lady's Lake,FALSE,
Viper Pit,The Rockaway,0,72.70559999999999,34.410264,VPRY,Viper Pit - The Rockaway,FALSE,
Viper Pit,The Slithering Scales,0,20.407334400000007,-11.519927999999998,VPSS,Viper Pit - The Slithering Scales,FALSE,
Viper Pit,The Tongue,0,50.20470719999999,-58.012416,VPTE,Viper Pit - The Tongue,FALSE,
Viper Pit,Twin Fangs,0,-33.632236799999994,-16.577736,VPTF,Viper Pit - Twin Fangs,FALSE,
Weathered Expanse,Barrowsfield,0,-17.969558400000007,-5.813136000000004,WEBD,Weathered Expanse - Barrowsfield,FALSE,
Weathered Expanse,Crow's Nest,1,-59.61340800000001,3.770760000000008,WECS,Weathered Expanse - Crow's Nest,TRUE,Storage Depot
Weathered Expanse,Dullahan's Crest,0,-90.9255456,19.639872,WEDS,Weathered Expanse - Dullahan's Crest,FALSE,
Weathered Expanse,Eapoe,0,-15.325977600000003,28.864752000000003,WEEE,Weathered Expanse - Eapoe,FALSE,
Weathered Expanse,Foxcatcher,1,4.272134399999999,46.717439999999996,WEFR,Weathered Expanse - Foxcatcher,TRUE,Storage Depot
Weathered Expanse,Frostmarch,1,-89.4444768,-6.183408000000001,WEFH,Weathered Expanse - Frostmarch,FALSE,
Weathered Expanse,Huntsfort,1,-3.6684576000000066,5.875799999999996,WEHT,Weathered Expanse - Huntsfort,FALSE,
Weathered Expanse,Kirkyard,0,-52.6676256,20.638463999999992,WEKD,Weathered Expanse - Kirkyard,FALSE,
Weathered Expanse,Necropolis,1,-39.5534016,31.705128000000006,WENS,Weathered Expanse - Necropolis,FALSE,
Weathered Expanse,Revenant's Path,0,87.4185696,14.959223999999997,WERS,Weathered Expanse - Revenant's Path,FALSE,
Weathered Expanse,Rime Wastes,0,-67.94928,-18.402720000000006,WERW,Weathered Expanse - Rime Wastes,FALSE,
Weathered Expanse,Shattered Advance,1,-28.656633599999996,-32.169984,WESA,Weathered Expanse - Shattered Advance,FALSE,
Weathered Expanse,Spirit Watch,1,39.49948800000001,37.887192000000006,WESW,Weathered Expanse - Spirit Watch,FALSE,
Weathered Expanse,The Ivory Bank,0,-20.298211200000004,71.73986400000001,WEIB,Weathered Expanse - The Ivory Bank,FALSE,
Weathered Expanse,The Ivory Sea,0,-83.79910079999999,37.921296,WEIS,Weathered Expanse - The Ivory Sea,FALSE,
Weathered Expanse,The Spear,0,32.558630399999984,-27.522432000000006,WESR,Weathered Expanse - The Spear,FALSE,
Weathered Expanse,The Stand,0,-106.47262079999999,-22.667232,WESD,Weathered Expanse - The Stand,FALSE,
Weathered Expanse,The Weathered Wall,0,-82.8237312,-52.83432,WEWW,Weathered Expanse - The Weathered Wall,FALSE,
Weathered Expanse,The Weathering Halls,1,-10.120463999999998,-57.593088,WEWH,Weathered Expanse - The Weathering Halls,TRUE,Seaport
Weathered Expanse,Wightwalk,1,49.3895232,-0.358007999999999,WEWK,Weathered Expanse - Wightwalk,FALSE,
Weathered Expanse,Wraith's Gate,0,7.444223999999991,-11.219712000000001,WEWS,Weathered Expanse - Wraith's Gate,FALSE,
Westgate,Candle Hills,0,-30.858278399999996,63.18076799999999,WECH,Westgate - Candle Hills,FALSE,
Westgate,Cattle March,0,-17.623267200000004,-53.96176799999999,WECM,Westgate - Cattle March,FALSE,
Westgate,Ceo Highlands,0,45.165081599999986,68.00018399999999,WECH,Westgate - Ceo Highlands,FALSE,
Westgate,Coasthill,0,64.6175232,3.909863999999998,WECL,Westgate - Coasthill,FALSE,
Westgate,Cobber's Lane,0,82.4743296,-32.787383999999996,WECS,Westgate - Cobber's Lane,FALSE,
Westgate,Fand's Chain,0,-63.177667199999995,-60.343584,WEFS,Westgate - Fand's Chain,FALSE,
Westgate,Fields of Badb,0,3.679343999999989,-58.768752,WEFB,Westgate - Fields of Badb,FALSE,
Westgate,Flidais' Pasture,0,49.87422720000001,-47.00976,WEFP,Westgate - Flidais' Pasture,FALSE,
Westgate,Handsome Hideaway,0,-43.012684799999995,-0.11860799999999738,WEHH,Westgate - Handsome Hideaway,FALSE,
Westgate,Hillcrest,0,36.82169280000001,21.056951999999995,WEHT,Westgate - Hillcrest,FALSE,
Westgate,Holdfast,1,-9.218188799999995,-37.343544,WEHT,Westgate - Holdfast,FALSE,
Westgate,Inkwell Lane,0,24.0698304,-66.219888,WEIL,Westgate - Inkwell Lane,FALSE,
Westgate,Kardia Road,0,23.558688000000007,-53.96176799999999,WEKR,Westgate - Kardia Road,FALSE,
Westgate,Killian Quarter,0,74.95182720000001,-57.107232,WEKQ,Westgate - Killian Quarter,FALSE,
Westgate,Kingstone,1,37.209715200000005,-14.970816000000005,WEKE,Westgate - Kingstone,TRUE,Storage Depot
Westgate,Longstone,1,37.70712,37.53791999999999,WELE,Westgate - Longstone,TRUE,Seaport
Westgate,Lord's Mouth,1,85.3646688,-11.634168,WELS,Westgate - Lord's Mouth,FALSE,
Westgate,Lost Partition,1,81.64825919999998,12.709872,WELP,Westgate - Lost Partition,FALSE,
Westgate,Rancher's Fast,1,50.40869760000001,-53.454240000000006,WERS,Westgate - Rancher's Fast,FALSE,
Westgate,Reaver's Cove,0,-6.468595199999994,4.091136000000007,WERS,Westgate - Reaver's Cove,FALSE,
Westgate,Sanctified Path,0,34.600608,54.13480800000001,WESP,Westgate - Sanctified Path,FALSE,
Westgate,Síochána Valley,0,20.856268799999995,67.17496799999999,WESV,Westgate - Síochána Valley,FALSE,
Westgate,Taswell Point,0,12.869798400000008,49.256928,WETP,Westgate - Taswell Point,FALSE,
Westgate,The Aging Ocean,0,-100.0444608,27.472704,WEAO,Westgate - The Aging Ocean,FALSE,
Westgate,The Bulwark,0,69.70691520000001,24.06768000000001,WEBK,Westgate - The Bulwark,FALSE,
Westgate,The Divide,0,-4.399660799999997,67.17496799999999,WEDE,Westgate - The Divide,FALSE,
Westgate,The Gallows,1,-35.319888000000006,-66.167472,WEGS,Westgate - The Gallows,TRUE,Storage Depot
Westgate,The Hem,0,75.34918080000001,41.03450400000001,WEHM,Westgate - The Hem,FALSE,
Westgate,The King's Road,0,60.2767008,-15.1452,WEKS,Westgate - The King's Road,FALSE,
Westgate,The Knight's Edge,0,20.594476800000006,-35.415240000000004,WEKS,Westgate - The Knight's Edge,FALSE,
Westgate,Triton's Curse,0,-77.5166112,64.436904,WETS,Westgate - Triton's Curse,FALSE,
Westgate,Warden Walk,0,95.8770432,5.4942719999999925,WEWW,Westgate - Warden Walk,FALSE,
Westgate,Western Heartlands,0,57.00170880000001,-26.251847999999995,WEWH,Westgate - Western Heartlands,FALSE,
Westgate,Westgate Keep,1,24.88112639999999,10.698072000000007,WEWK,Westgate - Westgate Keep,FALSE,
Westgate,Wire Road,0,49.554892800000005,-40.137552,WEWR,Westgate - Wire Road,FALSE,
Westgate,Wyattwick,1,-54.3293568,53.155872,WEWK,Westgate - Wyattwick,FALSE,
Westgate,Zeus' Demise,1,-25.4114496,45.757656000000004,WEZD,Westgate - Zeus' Demise,FALSE,
Wresta,Adripio,1,42.978729599999994,6.353255999999998,WAAO,Wresta - Adripio,TRUE,Seaport
Wresta,Argan Isle,1,-59.97239999999999,-0.6714959999999954,WAAI,Wresta - Argan Isle,FALSE,
Wresta,Garion Slip,1,-8.2796256,9.386328,WAGS,Wresta - Garion Slip,FALSE,
Wresta,Latro Manor,1,46.253203199999994,-37.202088,WALM,Wresta - Latro Manor,FALSE,
Wresta,Ratchet,1,79.31831039999999,2.806439999999995,WART,Wresta - Ratchet,FALSE,
Wresta,Scallyhold,1,-38.38518719999999,46.878887999999996,WASD,Wresta - Scallyhold,FALSE,
Wresta,Toad's Plinth,1,36.20039039999999,53.79242399999999,WATS,Wresta - Toad's Plinth,FALSE,
